<?xml version="1.0" encoding="UTF-8"?>

<item_content>
  <source class_name="jsvcSjpbxx"/>
  <realizeofmanner manner="realization"/>
  <operations>
    <operation id_name="" label_name="onZ_gj_sjpbxx_iu" return_type="int">
      <parameter id_name="_fss91f_i1hdv1uc__p6w_121594" name="inDo" type="DATAOBJECT" category="input"/>
      <parameter id_name="_fss91f_i1hdv1uc__p73_121594" name="aOOut_gj_sjpbxx_iu" type="ADAPTEROBJECT" category="ao"/>
    </operation>
    <operation id_name="" label_name="onZ_gj_sjpbxx_d" return_type="int">
      <parameter id_name="_fss91f_i1hdv1uc__p6v_121594" name="inDo" type="DATAOBJECT" category="input"/>
      <parameter id_name="_fss91f_i1hdv1uc__p6y_121594" name="aOOut_gj_sjpbxx_d" type="ADAPTEROBJECT" category="ao"/>
    </operation>
  </operations>
</item_content>
