<?xml version="1.0" encoding="UTF-8"?>

<item_content>
  <source class_name="jsvcZdjbxx"/>
  <realizeofmanner manner="realization"/>
  <operations>
    <operation id_name="" label_name="onZ_gj_zdjbxx_iu" return_type="int">
      <parameter id_name="_fss91f_i1hdv1uc__p9l_121594" name="inDo" type="DATAOBJECT" category="input"/>
      <parameter id_name="_fss91f_i1hdv1uc__p9n_121594" name="aOZ_gj_zdjbxx_iu" type="ADAPTEROBJECT" category="ao"/>
    </operation>
    <operation id_name="" label_name="onZ_gj_zdjbxx_d" return_type="int">
      <parameter id_name="_fss91f_i1hdv1uc__p9f_121594" name="inDo" type="DATAOBJECT" category="input"/>
      <parameter id_name="_fss91f_i1hdv1uc__p9h_121594" name="aOOut_gj_zdjbxx_d" type="ADAPTEROBJECT" category="ao"/>
    </operation>
  </operations>
</item_content>
