<?xml version="1.0" encoding="UTF-8"?>
<configmodel:DatabaseAdapter xmi:version="2.0" xmlns:xmi="http://www.omg.org/XMI" xmlns:configmodel="http:///configmodel.ecore">
  <inbound name="Xljbxx" identity="_fss91f_i1hdv1uc__p94_121594" labelName="Xljbxx" exportModel="">
    <interfaces name="z_gj_xljbxx_iu" identity="_fss91f_i1hdv1uc__p90_121594" packageName="zhjt_ygsjzx_gj.adapters.db_gj_xljbxx.sid.z_gj_xljbxx_iu" labelName="z_gj_xljbxx_iu" exportItemModel="" reuseDOParse="">
      <outbounds name="out_gj_xljbxx_iu" identity="_fss91f_i1hdv1uc__p8y_121594" labelName="out_gj_xljbxx_iu" dataObject="//@inbound/@interfaces.0/@dataObject" importModel="">
        <outboundInterface name="siout_gj_xljbxx_iu" identity="_fss91f_i1hdv1uc__p8w_121594" labelName="siout_gj_xljbxx_iu" dataObject="//@inbound/@interfaces.0/@dataObject"/>
        <syncItems importItemModel="" name="gj_xljbxx"/>
        <adapterObject name="AOOut_gj_xljbxx_iu" identity="_fss91f_i1hdv1uc__p8x_121594" labelName="AOOut_gj_xljbxx_iu" operationsNameList="gj_xljbxx"/>
      </outbounds>
      <dataObject name="do_z_gj_xljbxx_iu" identity="_fss91f_i1hdv1uc__p8v_121594" rootSrc="/RootProject/src" packageName="zhjt_ygsjzx_gj.adapters.db_gj_xljbxx.dataobjects.do_z_gj_xljbxx_iu" labelName="do_z_gj_xljbxx_iu" exportDOModel="" schemaID="_fss91f_i1hdv1uc__p8z_121594"/>
    </interfaces>
    <interfaces name="z_gj_xljbxx_d" identity="_fss91f_i1hdv1uc__p8u_121594" packageName="zhjt_ygsjzx_gj.adapters.db_gj_xljbxx.sid.z_gj_xljbxx_d" labelName="z_gj_xljbxx_d" exportItemModel="" reuseDOParse="">
      <outbounds name="out_gj_xljbxx_d" identity="_fss91f_i1hdv1uc__p8s_121594" labelName="out_gj_xljbxx_d" dataObject="//@inbound/@interfaces.1/@dataObject" importModel="">
        <outboundInterface name="siout_gj_xljbxx_d" identity="_fss91f_i1hdv1uc__p8q_121594" labelName="siout_gj_xljbxx_d" dataObject="//@inbound/@interfaces.1/@dataObject"/>
        <syncItems importItemModel="" name="gj_xljbxx"/>
        <adapterObject name="AOOut_gj_xljbxx_d" identity="_fss91f_i1hdv1uc__p8r_121594" labelName="AOOut_gj_xljbxx_d" operationsNameList="gj_xljbxx"/>
      </outbounds>
      <dataObject name="do_z_gj_xljbxx_d" rootSrc="/RootProject/src" packageName="zhjt_ygsjzx_gj.adapters.db_gj_xljbxx.dataobjects.do_z_gj_xljbxx_d" labelName="do_z_gj_xljbxx_d" exportDOModel="" schemaID="_fss91f_i1hdv1uc__p8t_121594"/>
    </interfaces>
  </inbound>
  <composites name="comXljbxx" identity="_fss91f_i1hdv1uc__p92_121594" rootSrc="/RootProject/src" packageName="zhjt_ygsjzx_gj.connection.comxljbxx" labelName="comXljbxx" projectName="Zhjt_YGSJZX_GJ" projectId="_fss91f_i1hdv1uc__pa0_121594">
    <jmsConfig type="2" receiveName="oracleReceQueue" sendName="oracleSendQueue"/>
    <javaService name="jsvcXljbxx" identity="_fss91f_i1hdv1uc__p93_121594" rootSrc="/RootProject/src" packageName="zhjt_ygsjzx_gj.servicejava.jsvcxljbxx" labelName="jsvcXljbxx"/>
  </composites>
</configmodel:DatabaseAdapter>
