<?xml version="1.0" encoding="UTF-8"?>

<item_content>
  <source class_name="Jsvc_DEMO_GLLC_LMDJ"/>
  <realizeofmanner manner="realization"/>
  <operations>
    <operation id_name="" label_name="OnFileName" return_type="int">
      <parameter id_name="do_ra_file_nameinbound" name="filenameinbounddo" type="DATAOBJECT" category="input"/>
      <parameter id_name="_rb6lev_i1a1wc4t__p6t_119004" name="aohyfxxt_demo_gllc_lmdj" type="ADAPTEROBJECT" category="ao"/>
      <parameter id_name="_rb6lev_i1a1wc4t__p78_119004" name="aoxls_gllc_lmdj" type="ADAPTEROBJECT" category="ao"/>
      <parameter id_name="ao_ra_file_adapterobject" name="fileadapterobject" type="ADAPTEROBJECT" category="ao"/>
    </operation>
  </operations>
</item_content>
