<?xml version="1.0" encoding="GBK"?>

<ejb-jar xmlns="http://java.sun.com/xml/ns/j2ee" xmlns:xsi="http://www.w3.org/2001/XMLSchema-instance" xsi:schemaLocation="http://java.sun.com/xml/ns/j2ee http://java.sun.com/xml/ns/j2ee/ejb-jar_2_1.xsd" version="2.1">
  <description>![CDATA[No Description.]]</description>
  <display-name>Generated by TongIntegrator</display-name>
  <enterprise-beans>
    <message-driven>
      <description>&lt;![CDATA[Description for InboundAdapter]]&gt;</description>
      <display-name>Name for InboundAdapter</display-name>
      <ejb-name>DBInboundAdapter</ejb-name>
      <ejb-class>zhjt_ygsjzx_gj.adapters.db_gj_xljbxx.inbound.xljbxx.Xljbxx</ejb-class>
      <messaging-type>com.tongtech.ti.adapter.database.DatabaseListener</messaging-type>
      <transaction-type>Container</transaction-type>
      <activation-config>
      	<activation-config-property>
          <activation-config-property-name>parameterApplyMode</activation-config-property-name>
          <activation-config-property-value></activation-config-property-value>
        </activation-config-property>
        <activation-config-property>
          <activation-config-property-name>DatasourcesJndiName</activation-config-property-name>
          <activation-config-property-value></activation-config-property-value>
        </activation-config-property>
        <activation-config-property>
          <activation-config-property-name>DBType</activation-config-property-name>
          <activation-config-property-value>oracle</activation-config-property-value>
        </activation-config-property>
        <activation-config-property>
          <activation-config-property-name>PollingTime</activation-config-property-name>
          <activation-config-property-value>1000</activation-config-property-value>
        </activation-config-property>
        <activation-config-property>
          <activation-config-property-name>DeadlockString</activation-config-property-name>
          <activation-config-property-value>deadlock</activation-config-property-value>
        </activation-config-property>
        <activation-config-property>
          <activation-config-property-name>MaxDeadlockRetry</activation-config-property-name>
          <activation-config-property-value>3</activation-config-property-value>
        </activation-config-property>
        <activation-config-property>
          <activation-config-property-name>DeadlockRetryDelay</activation-config-property-name>
          <activation-config-property-value>1000</activation-config-property-value>
        </activation-config-property>
        <activation-config-property>
          <activation-config-property-name>ext_DeadlockString</activation-config-property-name>
          <activation-config-property-value>deadlock</activation-config-property-value>
        </activation-config-property>
        <activation-config-property>
          <activation-config-property-name>ext_MaxDeadlockRetry</activation-config-property-name>
          <activation-config-property-value>3</activation-config-property-value>
        </activation-config-property>
        <activation-config-property>
          <activation-config-property-name>ext_DeadlockRetryDelay</activation-config-property-name>
          <activation-config-property-value>1000</activation-config-property-value>
        </activation-config-property>
        <activation-config-property>
          <activation-config-property-name>BatchSize</activation-config-property-name>
          <activation-config-property-value>1000</activation-config-property-value>
        </activation-config-property>
        <activation-config-property>
          <activation-config-property-name>BatchCount</activation-config-property-name>
          <activation-config-property-value>2</activation-config-property-value>
        </activation-config-property>
        <activation-config-property>
          <activation-config-property-name>conn_retries</activation-config-property-name>
          <activation-config-property-value>3</activation-config-property-value>
        </activation-config-property>
        <activation-config-property>
          <activation-config-property-name>conn_retry_time</activation-config-property-name>
          <activation-config-property-value>5</activation-config-property-value>
        </activation-config-property>
        <activation-config-property>
          <activation-config-property-name>ext_conn_retries</activation-config-property-name>
          <activation-config-property-value>3</activation-config-property-value>
        </activation-config-property>
        <activation-config-property>
          <activation-config-property-name>ext_conn_retry_time</activation-config-property-name>
          <activation-config-property-value>5</activation-config-property-value>
        </activation-config-property>
        <activation-config-property>
          <activation-config-property-name>MsgServiceName</activation-config-property-name>
          <activation-config-property-value>Xljbxx</activation-config-property-value>
        </activation-config-property>
        <activation-config-property>
          <activation-config-property-name>DeleteSent</activation-config-property-name>
          <activation-config-property-value>true</activation-config-property-value>
        </activation-config-property>
        <activation-config-property>
          <activation-config-property-name>eventDataFromBakTable</activation-config-property-name>
          <activation-config-property-value>False</activation-config-property-value>
        </activation-config-property>
        <activation-config-property>
          <activation-config-property-name>backEventData</activation-config-property-name>
          <activation-config-property-value>False</activation-config-property-value>
        </activation-config-property>
        <activation-config-property>
          <activation-config-property-name>behindOfTime</activation-config-property-name>
          <activation-config-property-value></activation-config-property-value>
        </activation-config-property>        
        <activation-config-property>
          <activation-config-property-name>ServiceID</activation-config-property-name>
          <activation-config-property-value></activation-config-property-value>
        </activation-config-property>
        <activation-config-property>
          <activation-config-property-name>Type</activation-config-property-name>
          <activation-config-property-value>z_gj_xljbxx_iu_do_z_gj_xljbxx_iu/z_gj_xljbxx_d_do_z_gj_xljbxx_d</activation-config-property-value>
        </activation-config-property>
        <activation-config-property>
          <activation-config-property-name>EventSQL</activation-config-property-name>
          <activation-config-property-value>select EDW_YZ_JX.SYN_Z_GJ_XLJBXX.XLBH AS XLBH, EDW_YZ_JX.SYN_Z_GJ_XLJBXX.XLMC AS XLMC, EDW_YZ_JX.SYN_Z_GJ_XLJBXX.XLJC AS XLJC, EDW_YZ_JX.SYN_Z_GJ_XLJBXX.XLLX AS XLLX, EDW_YZ_JX.SYN_Z_GJ_XLJBXX.XLTDLX AS XLTDLX, EDW_YZ_JX.SYN_Z_GJ_XLJBXX.XLKTLX AS XLKTLX, EDW_YZ_JX.SYN_Z_GJ_XLJBXX.XLSPLX AS XLSPLX, EDW_YZ_JX.SYN_Z_GJ_XLJBXX.SFHX AS SFHX, EDW_YZ_JX.SYN_Z_GJ_XLJBXX.KTJG AS KTJG, EDW_YZ_JX.SYN_Z_GJ_XLJBXX.IC AS IC, EDW_YZ_JX.SYN_Z_GJ_XLJBXX.SXSBSJ AS SXSBSJ, EDW_YZ_JX.SYN_Z_GJ_XLJBXX.SXMBSJ AS SXMBSJ, EDW_YZ_JX.SYN_Z_GJ_XLJBXX.XXSBSJ AS XXSBSJ, EDW_YZ_JX.SYN_Z_GJ_XLJBXX.XXMBSJ AS XXMBSJ, EDW_YZ_JX.SYN_Z_GJ_XLJBXX.PZLX AS PZLX, EDW_YZ_JX.SYN_Z_GJ_XLJBXX.GS AS GS, EDW_YZ_JX.SYN_Z_GJ_XLJBXX.QY AS QY, EDW_YZ_JX.SYN_Z_GJ_XLJBXX.XLJPLX AS XLJPLX from EDW_YZ_JX.SYN_Z_GJ_XLJBXX where EDW_YZ_JX.SYN_Z_GJ_XLJBXX.XLBH = |MsgParam1|/select MsgParam1 AS XLBH from TongTIM_Msg where MsgId = |MsgId|</activation-config-property-value>
        </activation-config-property>
      </activation-config>
    </message-driven>
  </enterprise-beans>
</ejb-jar>
