<?xml version="1.0" encoding="UTF-8"?>
<ExcelOutboundAdapter>
  <ASClassName>xls_gllc_jsdj</ASClassName>
  <ASPackageName>hyfx_gllc.adapters.excel_gllc.outbound.xls_gllc_jsdj</ASPackageName>
  <ASId>_rb6lev_i1a1wc4t__p7d_119004</ASId>
  <AOClassName>AOxls_gllc_jsdj</AOClassName>
  <AOPackageName>hyfx_gllc.adapters.excel_gllc.outbound.aoxls_gllc_jsdj</AOPackageName>
  <AOId>_rb6lev_i1a1wc4t__p7c_119004</AOId>
  <FileName>C:\Users\EastLanCore\Desktop\gllc\2011-2010公路里程 技术等级.xls</FileName>
  <SheetName>Sheet1</SheetName>
  <SheetHeaderLocal>1</SheetHeaderLocal>
  <SheetRecordStyle>row</SheetRecordStyle>
  <DataObject name="exceldo_gllc_jsdj" objectId="_rb6lev_i1a1wc4t__p7a_119004" schemaId="_rb6lev_i1a1wc4t__p7b_119004">
    <Properties index="0" name="YEAR" selected="true" validity="true"/>
    <Properties index="1" name="XZQH" selected="true" validity="true" type="decimal"/>
    <Properties index="2" name="ZXDJ" selected="true" validity="true" type="decimal"/>
    <Properties index="3" name="GLLC" selected="true" validity="true" type="decimal"/>
    <Properties name="rowNumber" selected="true" validity="true" hide="true"/>
  </DataObject>
</ExcelOutboundAdapter>