<?xml version="1.0" encoding="UTF-8"?>

<item_content>
  <source class_name="jsvcJhpbxx"/>
  <realizeofmanner manner="realization"/>
  <operations>
    <operation id_name="" label_name="onZ_gj_jhpbxx_iu" return_type="int">
      <parameter id_name="_fss91f_i1hdv1uc__p7f_121594" name="inDo" type="DATAOBJECT" category="input"/>
      <parameter id_name="_fss91f_i1hdv1uc__p7p_121594" name="aOOut_gj_jhpbxx_iu" type="ADAPTEROBJECT" category="ao"/>
    </operation>
    <operation id_name="" label_name="onZ_gj_jhpbxx_d" return_type="int">
      <parameter id_name="_fss91f_i1hdv1uc__p7e_121594" name="inDo" type="DATAOBJECT" category="input"/>
      <parameter id_name="_fss91f_i1hdv1uc__p7h_121594" name="aOOut_gj_jhpbxx_d" type="ADAPTEROBJECT" category="ao"/>
    </operation>
  </operations>
</item_content>
