<?xml version="1.0" encoding="UTF-8"?>
<DeploymentDocumentRoot xmlns="http://www.tongtech.com/ti/deployment">
  <deployment cmapId="_rb6lev_i1a1wc4t__p6m_119004" environmentId="_rb6lev_i1a1wc4t__p9f_119004" projectName="Hyfx_gllc" environmentName="env_hyfxxt" projectID="_rb6lev_i1a1wc4t__p7j_119004" name="dpl_DEMO_GLLC_XZDJ" id="_rb6lev_i1a1wc4t__p6d_119004">
    <logicHost id="_rb6lev_i1a1wc4t__p9c_119004" name="lh" ip="172.20.0.8" hostport="7777">
      <appServer id="_rb6lev_i1a1wc4t__p9b_119004" name="esb" appType="TongWeb" jnpPort="2089">
        <deployItem id="Container0" type="deployitem"/>
        <deployItem id="Container1" type="deployitem"/>
      </appServer>
    </logicHost>
    <externalSystem id="_rb6lev_i1a1wc4t__p9e_32771" name="gllc_excel" type="file">
      <deployItem id="_rb6lev_i1a1wc4t__p6k_119004" type="File"/>
    </externalSystem>
    <externalSystem id="_rb6lev_i1a1wc4t__p9d_119004" name="hyfxxt" type="database">
      <deployItem id="_rb6lev_i1a1wc4t__p6l_119004" type="DataBase"/>
      <parameters Key="ext_stopProcessOnExceptionString" Value="" Label="出现异常时是否停止流程的匹配字符串"/>
      <parameters Key="ext_MaxDeadlockRetry" Value="3" Label="出现异常后重试最大次数"/>
      <parameters Key="ext_conn_retry_time" Value="5" Label="获得数据库连接失败后,重试连接时间间隔"/>
      <parameters Key="ext_DeadlockRetryDelay" Value="1000" Label="出现异常后重试间隔时长(毫秒)"/>
      <parameters Key="check-valid-connection-sql" Value="select * from dual" Label="验证数据库连接SQL语句"/>
      <parameters Key="password" Value="Zhjt123456" Label="数据库密码"/>
      <parameters Key="DBType" Value="0" Label="数据库类型"/>
      <parameters Key="ext_isRollbackOnException" Value="1" Label="出现异常时入站是否回滚"/>
      <parameters Key="user-name" Value="bi_demo" Label="数据库用户名"/>
      <parameters Key="ext_DeadlockString" Value="deadlock||ORA-02291||ORA-02292" Label="可以进行重试的异常字符串"/>
      <parameters Key="ext_conn_retries" Value="3" Label="获得数据库连接失败后,重试连接次数"/>
      <parameters Key="parameterApplyMode" Value="0" Label="属性参数应用模式"/>
      <parameters Key="connection-url" Value="jdbc:oracle:thin:@172.20.0.8:1521:orcl" Label="数据库连接URL"/>
      <parameters Key="driver-class" Value="oracle.jdbc.driver.OracleDriver" Label="数据库驱动类"/>
    </externalSystem>
    <webServicesInbound resourceId="" repositoryId=""/>
  </deployment>
</DeploymentDocumentRoot>
