<?xml version="1.0" encoding="UTF-8"?>
<ExcelOutboundAdapter>
  <ASClassName>xls_z_hd_hangdaogx</ASClassName>
  <ASPackageName>zhjt.adapters.excel_jxgh.outbound.xls_z_hd_hangdaogx</ASPackageName>
  <ASId>rqw0ju_hzp2wzza__pa0_51244</ASId>
  <AOClassName>AOxls_z_hd_hangdaogx</AOClassName>
  <AOPackageName>zhjt.adapters.excel_jxgh.outbound.aoxls_z_hd_hangdaogx</AOPackageName>
  <AOId>rqw0ju_hzp2wzza__p9z_51244</AOId>
  <FileName>D:\ZhjtGh\港航系统数据.xls</FileName>
  <SheetName>管线</SheetName>
  <SheetHeaderLocal>1</SheetHeaderLocal>
  <SheetRecordStyle>row</SheetRecordStyle>
  <DataObject name="exceldo_z_hd_hangdaogx" objectId="rqw0ju_hzp2wzza__p9x_51244" schemaId="rqw0ju_hzp2wzza__p9y_51244">
    <Properties index="0" name="GXBH" selected="true" validity="true" type="decimal"/>
    <Properties index="1" name="GXMC" selected="true" validity="true"/>
    <Properties index="2" name="QDJD" selected="true" validity="true" type="decimal"/>
    <Properties index="3" name="QDWD" selected="true" validity="true" type="decimal"/>
    <Properties index="4" name="ZDJD" selected="true" validity="true" type="decimal"/>
    <Properties index="5" name="ZDWD" selected="true" validity="true" type="decimal"/>
    <Properties index="6" name="YSMJL" selected="true" validity="true" type="decimal"/>
    <Properties index="7" name="GXDWMC" selected="true" validity="true"/>
    <Properties index="8" name="SSHD" selected="true" validity="true"/>
    <Properties index="9" name="SZHD" selected="true" validity="true"/>
    <Properties index="10" name="BZ" selected="true" validity="true"/>
    <Properties name="rowNumber" selected="true" validity="true" hide="true"/>
  </DataObject>
</ExcelOutboundAdapter>