<?xml version="1.0" encoding="UTF-8"?>
<configmodel:DatabaseAdapter xmi:version="2.0" xmlns:xmi="http://www.omg.org/XMI" xmlns:configmodel="http:///configmodel.ecore">
  <inbound name="Xlzxb" identity="_fss91f_i1hdv1uc__p8n_121594" labelName="Xlzxb" exportModel="">
    <interfaces name="z_gj_xlzxb_iu" identity="_fss91f_i1hdv1uc__p8c_121594" packageName="zhjt_ygsjzx_gj.adapters.db_gj_xlzxb.sid.z_gj_xlzxb_iu" labelName="z_gj_xlzxb_iu" exportItemModel="" reuseDOParse="">
      <outbounds name="out_gj_xlzxb" identity="_fss91f_i1hdv1uc__p8a_121594" labelName="out_gj_xlzxb" dataObject="//@inbound/@interfaces.0/@dataObject" importModel="">
        <outboundInterface name="siout_gj_xlzxb" identity="_fss91f_i1hdv1uc__p88_121594" labelName="siout_gj_xlzxb" dataObject="//@inbound/@interfaces.0/@dataObject"/>
        <syncItems importItemModel="" name="gj_xlzxb"/>
        <adapterObject name="AOOut_gj_xlzxb" identity="_fss91f_i1hdv1uc__p89_121594" labelName="AOOut_gj_xlzxb" operationsNameList="gj_xlzxb"/>
      </outbounds>
      <dataObject name="do_z_gj_xlzxb_iu" rootSrc="/RootProject/src" packageName="zhjt_ygsjzx_gj.adapters.db_gj_xlzxb.dataobjects.do_z_gj_xlzxb_iu" labelName="do_z_gj_xlzxb_iu" exportDOModel="" schemaID="_fss91f_i1hdv1uc__p8b_121594"/>
    </interfaces>
    <interfaces name="z_gj_xlzxb_d" identity="_fss91f_i1hdv1uc__p87_121594" packageName="zhjt_ygsjzx_gj.adapters.db_gj_xlzxb.sid.z_gj_xlzxb_d" labelName="z_gj_xlzxb_d" exportItemModel="" reuseDOParse="">
      <outbounds name="out_gj_xlzxb_d" identity="_fss91f_i1hdv1uc__p85_121594" labelName="out_gj_xlzxb_d" dataObject="//@inbound/@interfaces.1/@dataObject" importModel="">
        <outboundInterface name="siout_gj_xlzxb_d" identity="_fss91f_i1hdv1uc__p83_121594" labelName="siout_gj_xlzxb_d" dataObject="//@inbound/@interfaces.1/@dataObject"/>
        <syncItems importItemModel="" name="gj_xlzxb"/>
        <adapterObject name="AOOut_gj_xlzxb_d" identity="_fss91f_i1hdv1uc__p84_121594" labelName="AOOut_gj_xlzxb_d" operationsNameList="gj_xlzxb"/>
      </outbounds>
      <dataObject name="do_z_gj_xlzxb_d" rootSrc="/RootProject/src" packageName="zhjt_ygsjzx_gj.adapters.db_gj_xlzxb.dataobjects.do_z_gj_xlzxb_d" labelName="do_z_gj_xlzxb_d" exportDOModel="" schemaID="_fss91f_i1hdv1uc__p86_121594"/>
    </interfaces>
  </inbound>
  <composites name="comXlzxb" identity="_fss91f_i1hdv1uc__p8l_121594" rootSrc="/RootProject/src" packageName="zhjt_ygsjzx_gj.connection.comxlzxb" labelName="comXlzxb" projectName="Zhjt_YGSJZX_GJ" projectId="_fss91f_i1hdv1uc__pa0_121594">
    <jmsConfig type="2" receiveName="oracleReceQueue" sendName="oracleSendQueue"/>
    <javaService name="jsvcXlzxb" identity="_fss91f_i1hdv1uc__p8m_121594" rootSrc="/RootProject/src" packageName="zhjt_ygsjzx_gj.servicejava.jsvcxlzxb" labelName="jsvcXlzxb"/>
  </composites>
</configmodel:DatabaseAdapter>
