<?xml version="1.0" encoding="UTF-8"?>

<item_content>
  <source class_name="Jsvc_z_hd_hangdaozb"/>
  <realizeofmanner manner="realization"/>
  <operations>
    <operation id_name="" label_name="OnFileName" return_type="int">
      <parameter id_name="do_ra_file_nameinbound" name="filenameinbounddo" type="DATAOBJECT" category="input"/>
      <parameter id_name="_e0j9ew_hzwf0x49__p9t_51244" name="aozhjtdata_z_hd_hangdaozb" type="ADAPTEROBJECT" category="ao"/>
      <parameter id_name="rqw0ju_hzp2wzza__p98_51244" name="aoxls_z_hd_hangdaozb" type="ADAPTEROBJECT" category="ao"/>
      <parameter id_name="ao_ra_file_adapterobject" name="fileadapterobject" type="ADAPTEROBJECT" category="ao"/>
    </operation>
  </operations>
</item_content>
