<?xml version="1.0" encoding="GBK"?>

<ejb-jar xmlns="http://java.sun.com/xml/ns/j2ee" xmlns:xsi="http://www.w3.org/2001/XMLSchema-instance" xsi:schemaLocation="http://java.sun.com/xml/ns/j2ee http://java.sun.com/xml/ns/j2ee/ejb-jar_2_1.xsd" version="2.1">
  <description>![CDATA[No Description.]]</description>
  <display-name>Generated by TongIntegrator</display-name>
  <enterprise-beans>
    <message-driven>
      <description>&lt;![CDATA[Description for InboundAdapter]]&gt;</description>
      <display-name>Name for InboundAdapter</display-name>
      <ejb-name>DBInboundAdapter</ejb-name>
      <ejb-class>zhjt_ygsjzx_gj.adapters.db_gj_zdjbxx.inbound.zdjbxx.Zdjbxx</ejb-class>
      <messaging-type>com.tongtech.ti.adapter.database.DatabaseListener</messaging-type>
      <transaction-type>Container</transaction-type>
      <activation-config>
      	<activation-config-property>
          <activation-config-property-name>parameterApplyMode</activation-config-property-name>
          <activation-config-property-value></activation-config-property-value>
        </activation-config-property>
        <activation-config-property>
          <activation-config-property-name>DatasourcesJndiName</activation-config-property-name>
          <activation-config-property-value></activation-config-property-value>
        </activation-config-property>
        <activation-config-property>
          <activation-config-property-name>DBType</activation-config-property-name>
          <activation-config-property-value>oracle</activation-config-property-value>
        </activation-config-property>
        <activation-config-property>
          <activation-config-property-name>PollingTime</activation-config-property-name>
          <activation-config-property-value>1000</activation-config-property-value>
        </activation-config-property>
        <activation-config-property>
          <activation-config-property-name>DeadlockString</activation-config-property-name>
          <activation-config-property-value>deadlock</activation-config-property-value>
        </activation-config-property>
        <activation-config-property>
          <activation-config-property-name>MaxDeadlockRetry</activation-config-property-name>
          <activation-config-property-value>3</activation-config-property-value>
        </activation-config-property>
        <activation-config-property>
          <activation-config-property-name>DeadlockRetryDelay</activation-config-property-name>
          <activation-config-property-value>1000</activation-config-property-value>
        </activation-config-property>
        <activation-config-property>
          <activation-config-property-name>ext_DeadlockString</activation-config-property-name>
          <activation-config-property-value>deadlock</activation-config-property-value>
        </activation-config-property>
        <activation-config-property>
          <activation-config-property-name>ext_MaxDeadlockRetry</activation-config-property-name>
          <activation-config-property-value>3</activation-config-property-value>
        </activation-config-property>
        <activation-config-property>
          <activation-config-property-name>ext_DeadlockRetryDelay</activation-config-property-name>
          <activation-config-property-value>1000</activation-config-property-value>
        </activation-config-property>
        <activation-config-property>
          <activation-config-property-name>BatchSize</activation-config-property-name>
          <activation-config-property-value>1000</activation-config-property-value>
        </activation-config-property>
        <activation-config-property>
          <activation-config-property-name>BatchCount</activation-config-property-name>
          <activation-config-property-value>2</activation-config-property-value>
        </activation-config-property>
        <activation-config-property>
          <activation-config-property-name>conn_retries</activation-config-property-name>
          <activation-config-property-value>3</activation-config-property-value>
        </activation-config-property>
        <activation-config-property>
          <activation-config-property-name>conn_retry_time</activation-config-property-name>
          <activation-config-property-value>5</activation-config-property-value>
        </activation-config-property>
        <activation-config-property>
          <activation-config-property-name>ext_conn_retries</activation-config-property-name>
          <activation-config-property-value>3</activation-config-property-value>
        </activation-config-property>
        <activation-config-property>
          <activation-config-property-name>ext_conn_retry_time</activation-config-property-name>
          <activation-config-property-value>5</activation-config-property-value>
        </activation-config-property>
        <activation-config-property>
          <activation-config-property-name>MsgServiceName</activation-config-property-name>
          <activation-config-property-value>Zdjbxx</activation-config-property-value>
        </activation-config-property>
        <activation-config-property>
          <activation-config-property-name>DeleteSent</activation-config-property-name>
          <activation-config-property-value>true</activation-config-property-value>
        </activation-config-property>
        <activation-config-property>
          <activation-config-property-name>eventDataFromBakTable</activation-config-property-name>
          <activation-config-property-value>False</activation-config-property-value>
        </activation-config-property>
        <activation-config-property>
          <activation-config-property-name>backEventData</activation-config-property-name>
          <activation-config-property-value>False</activation-config-property-value>
        </activation-config-property>
        <activation-config-property>
          <activation-config-property-name>behindOfTime</activation-config-property-name>
          <activation-config-property-value></activation-config-property-value>
        </activation-config-property>        
        <activation-config-property>
          <activation-config-property-name>ServiceID</activation-config-property-name>
          <activation-config-property-value></activation-config-property-value>
        </activation-config-property>
        <activation-config-property>
          <activation-config-property-name>Type</activation-config-property-name>
          <activation-config-property-value>z_gj_zdjbxx_iu_do_z_gj_zdjbxx_iu/z_gj_zdjbxx_d_do_z_gj_zdjbxx_d</activation-config-property-value>
        </activation-config-property>
        <activation-config-property>
          <activation-config-property-name>EventSQL</activation-config-property-name>
          <activation-config-property-value>select EDW_YZ_JX.SYN_Z_GJ_ZDJBXX.ZDBH AS ZDBH, EDW_YZ_JX.SYN_Z_GJ_ZDJBXX.ZDMC AS ZDMC, EDW_YZ_JX.SYN_Z_GJ_ZDJBXX.ZDBM AS ZDBM, EDW_YZ_JX.SYN_Z_GJ_ZDJBXX.ZDLX AS ZDLX, EDW_YZ_JX.SYN_Z_GJ_ZDJBXX.FWJ AS FWJ, EDW_YZ_JX.SYN_Z_GJ_ZDJBXX.ZDEWM AS ZDEWM, EDW_YZ_JX.SYN_Z_GJ_ZDJBXX.BZ AS BZ, EDW_YZ_JX.SYN_Z_GJ_ZDJBXX.GS AS GS, EDW_YZ_JX.SYN_Z_GJ_ZDJBXX.QY AS QY, EDW_YZ_JX.SYN_Z_GJ_ZDJBXX.GYZT AS GYZT, EDW_YZ_JX.SYN_Z_GJ_ZDJBXX.JD AS JD, EDW_YZ_JX.SYN_Z_GJ_ZDJBXX.WD AS WD from EDW_YZ_JX.SYN_Z_GJ_ZDJBXX where EDW_YZ_JX.SYN_Z_GJ_ZDJBXX.ZDBH = |MsgParam1|/select MsgParam1 AS ZDBH from TongTIM_Msg where MsgId = |MsgId|</activation-config-property-value>
        </activation-config-property>
      </activation-config>
    </message-driven>
  </enterprise-beans>
</ejb-jar>
