<?xml version="1.0" encoding="UTF-8"?>

<item_content>
  <source class_name="jsvcXljbxx"/>
  <realizeofmanner manner="realization"/>
  <operations>
    <operation id_name="" label_name="onZ_gj_xljbxx_iu" return_type="int">
      <parameter id_name="_fss91f_i1hdv1uc__p8v_121594" name="inDo" type="DATAOBJECT" category="input"/>
      <parameter id_name="_fss91f_i1hdv1uc__p8x_121594" name="aOOut_gj_xljbxx_iu" type="ADAPTEROBJECT" category="ao"/>
    </operation>
    <operation id_name="" label_name="onZ_gj_xljbxx_d" return_type="int">
      <parameter id_name="_fss91f_i1hdv1uc__p8p_121594" name="inDo" type="DATAOBJECT" category="input"/>
      <parameter id_name="_fss91f_i1hdv1uc__p8r_121594" name="aOOut_gj_xljbxx_d" type="ADAPTEROBJECT" category="ao"/>
    </operation>
  </operations>
</item_content>
