<?xml version="1.0" encoding="UTF-8"?>
<ExcelOutboundAdapter>
  <ASClassName>xls_z_hd_hangdaozb</ASClassName>
  <ASPackageName>zhjt.adapters.excel_jxgh.outbound.xls_z_hd_hangdaozb</ASPackageName>
  <ASId>rqw0ju_hzp2wzza__p99_51244</ASId>
  <AOClassName>AOxls_z_hd_hangdaozb</AOClassName>
  <AOPackageName>zhjt.adapters.excel_jxgh.outbound.aoxls_z_hd_hangdaozb</AOPackageName>
  <AOId>rqw0ju_hzp2wzza__p98_51244</AOId>
  <FileName>D:\ZhjtGh\港航系统数据.xls</FileName>
  <SheetName>闸坝</SheetName>
  <SheetHeaderLocal>1</SheetHeaderLocal>
  <SheetRecordStyle>row</SheetRecordStyle>
  <DataObject name="exceldo_z_hd_hangdaozb" objectId="rqw0ju_hzp2wzza__p96_51244" schemaId="rqw0ju_hzp2wzza__p97_51244">
    <Properties index="0" name="ZBBH" selected="true" validity="true" type="decimal"/>
    <Properties index="1" name="ZBMC" selected="true" validity="true"/>
    <Properties index="2" name="QDJD" selected="true" validity="true" type="decimal"/>
    <Properties index="3" name="QDWD" selected="true" validity="true" type="decimal"/>
    <Properties index="4" name="ZDJD" selected="true" validity="true" type="decimal"/>
    <Properties index="5" name="ZDWD" selected="true" validity="true" type="decimal"/>
    <Properties index="6" name="FXDJD" selected="true" validity="true" type="decimal"/>
    <Properties index="7" name="FXDWD" selected="true" validity="true" type="decimal"/>
    <Properties index="8" name="LXID" selected="true" validity="true"/>
    <Properties index="9" name="LXMC" selected="true" validity="true"/>
    <Properties index="10" name="GXDWID" selected="true" validity="true"/>
    <Properties index="11" name="GXDWMC" selected="true" validity="true"/>
    <Properties index="12" name="SSHD" selected="true" validity="true"/>
    <Properties index="13" name="SZHD" selected="true" validity="true"/>
    <Properties index="14" name="BZ" selected="true" validity="true"/>
    <Properties name="rowNumber" selected="true" validity="true" hide="true"/>
  </DataObject>
</ExcelOutboundAdapter>