<?xml version="1.0" encoding="UTF-8"?>
<ExcelOutboundAdapter>
  <ASClassName>xls_z_hd_hangdaoql</ASClassName>
  <ASPackageName>zhjt.adapters.excel_jxgh.outbound.xls_z_hd_hangdaoql</ASPackageName>
  <ASId>_1hhw6i_i061hio7__pa5_97087</ASId>
  <AOClassName>AOxls_z_hd_hangdaoql</AOClassName>
  <AOPackageName>zhjt.adapters.excel_jxgh.outbound.aoxls_z_hd_hangdaoql</AOPackageName>
  <AOId>_1hhw6i_i061hio7__pa4_97087</AOId>
  <FileName>E:\工作资料\项目\1.进行中\嘉兴交通\港航系统数据.xls</FileName>
  <SheetName>桥梁</SheetName>
  <SheetHeaderLocal>1</SheetHeaderLocal>
  <SheetRecordStyle>row</SheetRecordStyle>
  <DataObject name="exceldo_z_hd_hangdaoql" objectId="_1hhw6i_i061hio7__pa2_97087" schemaId="_1hhw6i_i061hio7__pa3_97087">
    <Properties index="0" name="QLBH" selected="true" validity="true" type="decimal"/>
    <Properties index="1" name="QLMC" selected="true" validity="true"/>
    <Properties index="2" name="QDJD" selected="true" validity="true" type="decimal"/>
    <Properties index="3" name="QDWD" selected="true" validity="true" type="decimal"/>
    <Properties index="4" name="ZDJD" selected="true" validity="true" type="decimal"/>
    <Properties index="5" name="ZDWD" selected="true" validity="true" type="decimal"/>
    <Properties index="6" name="GXDWMC" selected="true" validity="true"/>
    <Properties index="7" name="SSHD" selected="true" validity="true"/>
    <Properties index="8" name="SZHD" selected="true" validity="true"/>
    <Properties index="9" name="SJZGTHSW" selected="true" validity="true" type="decimal"/>
    <Properties index="10" name="YTFL" selected="true" validity="true"/>
    <Properties index="11" name="JGXS" selected="true" validity="true"/>
    <Properties index="12" name="THKS" selected="true" validity="true" type="decimal"/>
    <Properties index="13" name="SFWQ" selected="true" validity="true"/>
    <Properties index="14" name="JG" selected="true" validity="true" type="decimal"/>
    <Properties index="15" name="SJZGTHSWHSCXQ" selected="true" validity="true" type="decimal"/>
    <Properties index="16" name="净宽1(米)" selected="false" validity="false"/>
    <Properties index="17" name="净宽2(米)" selected="false" validity="false"/>
    <Properties index="18" name="净宽3(米)" selected="false" validity="false"/>
    <Properties index="19" name="净宽4(米)" selected="false" validity="false"/>
    <Properties index="20" name="净宽5(米)" selected="false" validity="false"/>
    <Properties index="21" name="上底宽1(米)" selected="false" validity="false"/>
    <Properties index="22" name="上底宽2(米)" selected="false" validity="false"/>
    <Properties index="23" name="上底宽3(米)" selected="false" validity="false"/>
    <Properties index="24" name="上底宽4(米)" selected="false" validity="false"/>
    <Properties index="25" name="上底宽5(米)" selected="false" validity="false"/>
    <Properties index="26" name="侧高1(米)" selected="false" validity="false"/>
    <Properties index="27" name="侧高2(米)" selected="false" validity="false"/>
    <Properties index="28" name="侧高3(米)" selected="false" validity="false"/>
    <Properties index="29" name="侧高4(米)" selected="false" validity="false"/>
    <Properties index="30" name="侧高5(米)" selected="false" validity="false"/>
    <Properties name="rowNumber" selected="true" validity="true" hide="true"/>
  </DataObject>
</ExcelOutboundAdapter>