<?xml version="1.0" encoding="UTF-8"?>
<com.tongtech.ti.tisd.project.cmap.core:DocumentRoot xmlns:com.tongtech.ti.tisd.project.cmap.core="http://www.tongtech.com/TI30Graph">
  <cmap id="_fss91f_i1hdv1uc__p8l_121594" project="Zhjt_YGSJZX_GJ" projectId="_fss91f_i1hdv1uc__pa0_121594" name="comXlzxb">
    <serviceContainer name="js_db2db" x="345" y="25">
      <javaService name="_fss91f_i1hdv1uc__p8m_121594" label="jsvcXlzxb">
        <parameters/>
        <adapterObjectBox>
          <adapterObject label="AOOut_gj_xlzxb" name="_fss91f_i1hdv1uc__p89_121594" varname="aOOut_gj_xlzxb">
            <linked link="ExtAPP_DB_OUT_智慧交通综合数据库" type="exter"/>
            <operationTypes name="gj_xlzxb"/>
          </adapterObject>
          <parameters>
            <parameter name="conn_retries" value="3" label="获得数据库连接失败后,重试连接次数" description="获得数据库连接失败后,重试连接次数"/>
            <parameter name="conn_retry_time" value="5" label="获得数据库连接失败后,重试连接时间间隔" description="获得数据库连接失败后,重试连接时间间隔（秒）" unit="S"/>
            <parameter name="DeadlockString" value="deadlock||Foreign key" label="可以进行重试的异常字符串" description="遇到SQL异常后，根据这里给定的字符串确定是否是用户定义的可以进行重试的异常，定义多个异常字符串时中间用“||”分割"/>
            <parameter name="MaxDeadlockRetry" value="3" label="出现异常后重试最大次数" description="当出现可重试现异常后，允许重试的最大次数"/>
            <parameter name="DeadlockRetryDelay" value="1000" label="出现异常后重试间隔时长" description="发生异常到再次重试操作需要等待的时间，单位为毫秒" unit="MS"/>
            <parameter name="stopProcessOnExceptionString" value="" label="出现异常时是否停止流程的匹配字符串" description="出现异常时是否停止流程的匹配字符串，定义多个异常字符串时中间用“||”分割，如果为空则出现异常时不终止流程"/>
            <parameter name="isRollbackOnException" value="FALSE" label="出现异常时入站是否回滚" description="出现异常时入站是否回滚数据" valueLabel="否"/>
            <parameter name="fromCharSet" value="" label="源字符集编码" description="数据来源的数据编码"/>
            <parameter name="toCharSet" value="" label="目的字符集编码" description="目标数据库字符集编码"/>
          </parameters>
        </adapterObjectBox>
        <adapterObjectBox>
          <adapterObject label="AOOut_gj_xlzxb_d" name="_fss91f_i1hdv1uc__p84_121594" varname="aOOut_gj_xlzxb_d">
            <linked link="ExtAPP_DB_OUT_智慧交通综合数据库" type="exter"/>
            <operationTypes name="gj_xlzxb"/>
          </adapterObject>
          <parameters>
            <parameter name="conn_retries" value="3" label="获得数据库连接失败后,重试连接次数" description="获得数据库连接失败后,重试连接次数"/>
            <parameter name="conn_retry_time" value="5" label="获得数据库连接失败后,重试连接时间间隔" description="获得数据库连接失败后,重试连接时间间隔（秒）" unit="S"/>
            <parameter name="DeadlockString" value="deadlock||Foreign key" label="可以进行重试的异常字符串" description="遇到SQL异常后，根据这里给定的字符串确定是否是用户定义的可以进行重试的异常，定义多个异常字符串时中间用“||”分割"/>
            <parameter name="MaxDeadlockRetry" value="3" label="出现异常后重试最大次数" description="当出现可重试现异常后，允许重试的最大次数"/>
            <parameter name="DeadlockRetryDelay" value="1000" label="出现异常后重试间隔时长" description="发生异常到再次重试操作需要等待的时间，单位为毫秒" unit="MS"/>
            <parameter name="stopProcessOnExceptionString" value="" label="出现异常时是否停止流程的匹配字符串" description="出现异常时是否停止流程的匹配字符串，定义多个异常字符串时中间用“||”分割，如果为空则出现异常时不终止流程"/>
            <parameter name="isRollbackOnException" value="FALSE" label="出现异常时入站是否回滚" description="出现异常时入站是否回滚数据" valueLabel="否"/>
            <parameter name="fromCharSet" value="" label="源字符集编码" description="数据来源的数据编码"/>
            <parameter name="toCharSet" value="" label="目的字符集编码" description="目标数据库字符集编码"/>
          </parameters>
        </adapterObjectBox>
      </javaService>
    </serviceContainer>
    <externalApplication x="25" y="25" type="DataBase" name="_fss91f_i1hdv1uc__p8n_1215941" label="ExtAPP_DB_IN">
      <linked link="db_inbound" type="inboundadapter"/>
    </externalApplication>
    <externalApplication x="505" y="25" type="DataBase" name="ExtAPP_DB_OUT_智慧交通综合数据库" label="ExtAPP_DB_OUT_智慧交通综合数据库"/>
    <inboundAdapterContainer name="db_inbound" x="185" y="25">
      <inboundadapter name="_fss91f_i1hdv1uc__p8n_121594" label="Xlzxb">
        <parameters>
          <parameter name="PollingTime" value="1000" label="轮询数据库间隔时长" description="入站适配器定时检查用户数据库表的变化情况，此处配置间隔的时间，单位为毫秒" unit="MS"/>
          <parameter name="BatchSize" value="0" label="按照内容大小批处理" description="数据库处理中按照内容大小批处理的属性，单位为Kb" unit="KB"/>
          <parameter name="BatchCount" value="2000" label="按照TI内置表中触发信息条数批处理" description="数据库处理中按照TI内置表中触发信息条数批处理的属性"/>
          <parameter name="DeleteSent" value="True" label="是否删除系统的历史记录" description="是否删除TI内置表中消费过的历史记录" valueLabel="是"/>
          <parameter name="conn_retries" value="3" label="获得数据库连接失败后,重试连接次数" description="获得数据库连接失败后,重试连接次数"/>
          <parameter name="conn_retry_time" value="5" label="获得数据库连接失败后,重试连接时间间隔" description="获得数据库连接失败后,重试连接时间间隔（秒）" unit="S"/>
          <parameter name="DeadlockString" value="deadlock||Foreign key" label="可以进行重试的异常字符串" description="遇到SQL异常后，根据这里给定的字符串确定是否是用户定义的可以进行重试的异常，定义多个异常字符串时中间用“||”分割"/>
          <parameter name="MaxDeadlockRetry" value="3" label="出现异常后重试最大次数" description="当出现可重试现异常后，允许重试的最大次数"/>
          <parameter name="DeadlockRetryDelay" value="1000" label="出现异常后重试间隔时长" description="发生异常到再次重试操作需要等待的时间，单位为毫秒" unit="MS"/>
          <parameter name="eventDataFromBakTable" value="False" label="是否从备份表触发" description="是否从备份内置表触发流程" valueLabel="False"/>
          <parameter name="backEventData" value="False" label="是否备份触发数据" description="是否备份触发数据到备份表" valueLabel="False"/>
          <parameter name="behindOfTime" value="" label="备份恢复起始时间(yyyy-mm-dd hh:mm:ss)" description="是否从备份内置表触发流程，只处理此时间后的数据,输入格式：yyyy-mm-dd hh:mm:ss"/>
        </parameters>
        <isd id="_fss91f_i1hdv1uc__p8c_121594" name="z_gj_xlzxb_iu">
          <linked link="js_db2db" type="java_service"/>
          <operationTypes name="onZ_gj_xlzxb_iu"/>
        </isd>
        <isd id="_fss91f_i1hdv1uc__p87_121594" name="z_gj_xlzxb_d">
          <linked link="js_db2db" type="java_service"/>
          <operationTypes name="onZ_gj_xlzxb_d"/>
        </isd>
      </inboundadapter>
    </inboundAdapterContainer>
  </cmap>
</com.tongtech.ti.tisd.project.cmap.core:DocumentRoot>
