<?xml version="1.0" encoding="GBK"?>

<ejb-jar xmlns="http://java.sun.com/xml/ns/j2ee" xmlns:xsi="http://www.w3.org/2001/XMLSchema-instance" xsi:schemaLocation="http://java.sun.com/xml/ns/j2ee http://java.sun.com/xml/ns/j2ee/ejb-jar_2_1.xsd" version="2.1">
  <description>![CDATA[No Description.]]</description>
  <display-name>Generated by TongIntegrator</display-name>
  <enterprise-beans>
    <message-driven>
      <description>&lt;![CDATA[Description for InboundAdapter]]&gt;</description>
      <display-name>Name for InboundAdapter</display-name>
      <ejb-name>DBInboundAdapter</ejb-name>
      <ejb-class>zhjt_ygsjzx_jyyh.adapters.db_yh_jyyhxx.inbound.yh_jyyhxx.Yh_Jyyhxx</ejb-class>
      <messaging-type>com.tongtech.ti.adapter.database.DatabaseListener</messaging-type>
      <transaction-type>Container</transaction-type>
      <activation-config>
      	<activation-config-property>
          <activation-config-property-name>parameterApplyMode</activation-config-property-name>
          <activation-config-property-value></activation-config-property-value>
        </activation-config-property>
        <activation-config-property>
          <activation-config-property-name>DatasourcesJndiName</activation-config-property-name>
          <activation-config-property-value></activation-config-property-value>
        </activation-config-property>
        <activation-config-property>
          <activation-config-property-name>DBType</activation-config-property-name>
          <activation-config-property-value>oracle</activation-config-property-value>
        </activation-config-property>
        <activation-config-property>
          <activation-config-property-name>PollingTime</activation-config-property-name>
          <activation-config-property-value>1000</activation-config-property-value>
        </activation-config-property>
        <activation-config-property>
          <activation-config-property-name>DeadlockString</activation-config-property-name>
          <activation-config-property-value>deadlock</activation-config-property-value>
        </activation-config-property>
        <activation-config-property>
          <activation-config-property-name>MaxDeadlockRetry</activation-config-property-name>
          <activation-config-property-value>3</activation-config-property-value>
        </activation-config-property>
        <activation-config-property>
          <activation-config-property-name>DeadlockRetryDelay</activation-config-property-name>
          <activation-config-property-value>1000</activation-config-property-value>
        </activation-config-property>
        <activation-config-property>
          <activation-config-property-name>ext_DeadlockString</activation-config-property-name>
          <activation-config-property-value>deadlock</activation-config-property-value>
        </activation-config-property>
        <activation-config-property>
          <activation-config-property-name>ext_MaxDeadlockRetry</activation-config-property-name>
          <activation-config-property-value>3</activation-config-property-value>
        </activation-config-property>
        <activation-config-property>
          <activation-config-property-name>ext_DeadlockRetryDelay</activation-config-property-name>
          <activation-config-property-value>1000</activation-config-property-value>
        </activation-config-property>
        <activation-config-property>
          <activation-config-property-name>BatchSize</activation-config-property-name>
          <activation-config-property-value>1000</activation-config-property-value>
        </activation-config-property>
        <activation-config-property>
          <activation-config-property-name>BatchCount</activation-config-property-name>
          <activation-config-property-value>2</activation-config-property-value>
        </activation-config-property>
        <activation-config-property>
          <activation-config-property-name>conn_retries</activation-config-property-name>
          <activation-config-property-value>3</activation-config-property-value>
        </activation-config-property>
        <activation-config-property>
          <activation-config-property-name>conn_retry_time</activation-config-property-name>
          <activation-config-property-value>5</activation-config-property-value>
        </activation-config-property>
        <activation-config-property>
          <activation-config-property-name>ext_conn_retries</activation-config-property-name>
          <activation-config-property-value>3</activation-config-property-value>
        </activation-config-property>
        <activation-config-property>
          <activation-config-property-name>ext_conn_retry_time</activation-config-property-name>
          <activation-config-property-value>5</activation-config-property-value>
        </activation-config-property>
        <activation-config-property>
          <activation-config-property-name>MsgServiceName</activation-config-property-name>
          <activation-config-property-value>yh_Jyyhxx</activation-config-property-value>
        </activation-config-property>
        <activation-config-property>
          <activation-config-property-name>DeleteSent</activation-config-property-name>
          <activation-config-property-value>true</activation-config-property-value>
        </activation-config-property>
        <activation-config-property>
          <activation-config-property-name>eventDataFromBakTable</activation-config-property-name>
          <activation-config-property-value>False</activation-config-property-value>
        </activation-config-property>
        <activation-config-property>
          <activation-config-property-name>backEventData</activation-config-property-name>
          <activation-config-property-value>False</activation-config-property-value>
        </activation-config-property>
        <activation-config-property>
          <activation-config-property-name>behindOfTime</activation-config-property-name>
          <activation-config-property-value></activation-config-property-value>
        </activation-config-property>        
        <activation-config-property>
          <activation-config-property-name>ServiceID</activation-config-property-name>
          <activation-config-property-value></activation-config-property-value>
        </activation-config-property>
        <activation-config-property>
          <activation-config-property-name>Type</activation-config-property-name>
          <activation-config-property-value>z_yh_jyyhxx_iu_do_z_yh_jyyhxx_iu/z_yh_jyyhxx_d_do_z_yh_jyyhxx_d</activation-config-property-value>
        </activation-config-property>
        <activation-config-property>
          <activation-config-property-name>EventSQL</activation-config-property-name>
          <activation-config-property-value>select EDW_YZ_JX.SYN_Z_YH_JYYHXX.YHID AS YHID, EDW_YZ_JX.SYN_Z_YH_JYYHXX.YHMC AS YHMC, EDW_YZ_JX.SYN_Z_YH_JYYHXX.YEHUDZ AS YEHUDZ, EDW_YZ_JX.SYN_Z_YH_JYYHXX.XZQHDM AS XZQHDM, EDW_YZ_JX.SYN_Z_YH_JYYHXX.XZQHMC AS XZQHMC, EDW_YZ_JX.SYN_Z_YH_JYYHXX.FRDB AS FRDB, EDW_YZ_JX.SYN_Z_YH_JYYHXX.JYXKZH AS JYXKZH, EDW_YZ_JX.SYN_Z_YH_JYYHXX.JYFW AS JYFW, EDW_YZ_JX.SYN_Z_YH_JYYHXX.JYFWDM AS JYFWDM, EDW_YZ_JX.SYN_Z_YH_JYYHXX.JJLX AS JJLX, EDW_YZ_JX.SYN_Z_YH_JYYHXX.JJLX_NAME AS JJLX_NAME, EDW_YZ_JX.SYN_Z_YH_JYYHXX.HFRQ AS HFRQ, EDW_YZ_JX.SYN_Z_YH_JYYHXX.ZCRQ AS ZCRQ, EDW_YZ_JX.SYN_Z_YH_JYYHXX.YXQQ AS YXQQ, EDW_YZ_JX.SYN_Z_YH_JYYHXX.YXQZ AS YXQZ, EDW_YZ_JX.SYN_Z_YH_JYYHXX.MEMO AS MEMO from EDW_YZ_JX.SYN_Z_YH_JYYHXX where EDW_YZ_JX.SYN_Z_YH_JYYHXX.YHID = &apos;|MsgParam1|&apos;/select MsgParam1 AS YHID from TongTIM_Msg where MsgId = |MsgId|</activation-config-property-value>
        </activation-config-property>
      </activation-config>
    </message-driven>
  </enterprise-beans>
</ejb-jar>
