<?xml version="1.0" encoding="UTF-8"?>
<configmodel:DatabaseAdapter xmi:version="2.0" xmlns:xmi="http://www.omg.org/XMI" xmlns:configmodel="http:///configmodel.ecore">
  <inbound name="Zdjbxx" identity="_fss91f_i1hdv1uc__p9u_121594" labelName="Zdjbxx" exportModel="">
    <interfaces name="z_gj_zdjbxx_iu" identity="_fss91f_i1hdv1uc__p9q_121594" packageName="zhjt_ygsjzx_gj.adapters.db_gj_zdjbxx.sid.z_gj_zdjbxx_iu" labelName="z_gj_zdjbxx_iu" exportItemModel="" reuseDOParse="">
      <outbounds name="z_gj_zdjbxx_iu" identity="_fss91f_i1hdv1uc__p9o_121594" labelName="z_gj_zdjbxx_iu" dataObject="//@inbound/@interfaces.0/@dataObject" importModel="">
        <outboundInterface name="siz_gj_zdjbxx_iu" identity="_fss91f_i1hdv1uc__p9m_121594" labelName="siz_gj_zdjbxx_iu" dataObject="//@inbound/@interfaces.0/@dataObject"/>
        <syncItems importItemModel="" name="z_gj_zdjbxx"/>
        <adapterObject name="AOZ_gj_zdjbxx_iu" identity="_fss91f_i1hdv1uc__p9n_121594" labelName="AOZ_gj_zdjbxx_iu" operationsNameList="z_gj_zdjbxx"/>
      </outbounds>
      <dataObject name="do_z_gj_zdjbxx_iu" identity="_fss91f_i1hdv1uc__p9l_121594" rootSrc="/RootProject/src" packageName="zhjt_ygsjzx_gj.adapters.db_gj_zdjbxx.dataobjects.do_z_gj_zdjbxx_iu" labelName="do_z_gj_zdjbxx_iu" exportDOModel="" schemaID="_fss91f_i1hdv1uc__p9p_121594"/>
    </interfaces>
    <interfaces name="z_gj_zdjbxx_d" identity="_fss91f_i1hdv1uc__p9k_121594" packageName="zhjt_ygsjzx_gj.adapters.db_gj_zdjbxx.sid.z_gj_zdjbxx_d" labelName="z_gj_zdjbxx_d" exportItemModel="" reuseDOParse="">
      <outbounds name="out_gj_zdjbxx_d" identity="_fss91f_i1hdv1uc__p9i_121594" labelName="out_gj_zdjbxx_d" dataObject="//@inbound/@interfaces.1/@dataObject" importModel="">
        <outboundInterface name="siout_gj_zdjbxx_d" identity="_fss91f_i1hdv1uc__p9g_121594" labelName="siout_gj_zdjbxx_d" dataObject="//@inbound/@interfaces.1/@dataObject"/>
        <syncItems importItemModel="" name="z_gj_zdjbxx"/>
        <adapterObject name="AOOut_gj_zdjbxx_d" identity="_fss91f_i1hdv1uc__p9h_121594" labelName="AOOut_gj_zdjbxx_d" operationsNameList="z_gj_zdjbxx"/>
      </outbounds>
      <dataObject name="do_z_gj_zdjbxx_d" rootSrc="/RootProject/src" packageName="zhjt_ygsjzx_gj.adapters.db_gj_zdjbxx.dataobjects.do_z_gj_zdjbxx_d" labelName="do_z_gj_zdjbxx_d" exportDOModel="" schemaID="_fss91f_i1hdv1uc__p9j_121594"/>
    </interfaces>
  </inbound>
  <composites name="comZdjbxx" identity="_fss91f_i1hdv1uc__p9s_121594" rootSrc="/RootProject/src" packageName="zhjt_ygsjzx_gj.connection.comzdjbxx" labelName="comZdjbxx" projectName="Zhjt_YGSJZX_GJ" projectId="_fss91f_i1hdv1uc__pa0_121594">
    <jmsConfig type="2" receiveName="oracleReceQueue" sendName="oracleSendQueue"/>
    <javaService name="jsvcZdjbxx" identity="_fss91f_i1hdv1uc__p9t_121594" rootSrc="/RootProject/src" packageName="zhjt_ygsjzx_gj.servicejava.jsvczdjbxx" labelName="jsvcZdjbxx"/>
  </composites>
</configmodel:DatabaseAdapter>
