<?xml version="1.0" encoding="UTF-8"?>

<TriggerContent>
  <CreatTrigger>true</CreatTrigger>
  <DatabaseType>oracle</DatabaseType>
  <ServiceName>Zdjbxx</ServiceName>
  <ServiceNameID>-38f154c3:1492c07bc14:-7fef:EastMacWin/192.168.1.112</ServiceNameID>
  <TriggerAtt>
    <TypeName>z_gj_zdjbxx_iu_do_z_gj_zdjbxx_iu</TypeName>
    <TableName>EDW_YZ_JX.SYN_Z_GJ_ZDJBXX</TableName>
    <ActionType>insert</ActionType>
    <ExportName>z_gj_zdjbxx_iu</ExportName>
    <IsCycle>false</IsCycle>
    <MonitorColAL/>
    <MatchingColAL>
      <MatchingCol>ZDBH</MatchingCol>
      <MatchingCol>NUMBER</MatchingCol>
    </MatchingColAL>
  </TriggerAtt>
  <TriggerAtt>
    <TypeName>z_gj_zdjbxx_iu_do_z_gj_zdjbxx_iu</TypeName>
    <TableName>EDW_YZ_JX.SYN_Z_GJ_ZDJBXX</TableName>
    <ActionType>update</ActionType>
    <ExportName>z_gj_zdjbxx_iu</ExportName>
    <IsCycle>false</IsCycle>
    <MonitorColAL/>
    <MatchingColAL>
      <MatchingCol>ZDBH</MatchingCol>
      <MatchingCol>NUMBER</MatchingCol>
    </MatchingColAL>
  </TriggerAtt>
  <TriggerAtt>
    <TypeName>z_gj_zdjbxx_d_do_z_gj_zdjbxx_d</TypeName>
    <TableName>EDW_YZ_JX.SYN_Z_GJ_ZDJBXX</TableName>
    <ActionType>delete</ActionType>
    <ExportName>z_gj_zdjbxx_d</ExportName>
    <IsCycle>false</IsCycle>
    <MonitorColAL/>
    <MatchingColAL>
      <MatchingCol>ZDBH</MatchingCol>
      <MatchingCol>NUMBER</MatchingCol>
    </MatchingColAL>
  </TriggerAtt>
</TriggerContent>
