<?xml version="1.0" encoding="UTF-8"?>
<configmodel:DatabaseAdapter xmi:version="2.0" xmlns:xmi="http://www.omg.org/XMI" xmlns:configmodel="http:///configmodel.ecore">
  <inbound name="Sjpbxx" identity="_fss91f_i1hdv1uc__p7c_121594" labelName="Sjpbxx" exportModel="">
    <interfaces name="z_gj_sjpbxx_iu" identity="_fss91f_i1hdv1uc__p76_121594" packageName="zhjt_ygsjzx_gj.adapters.db_gj_sjpbxx.sid.z_gj_sjpbxx_iu" labelName="z_gj_sjpbxx_iu" exportItemModel="" reuseDOParse="">
      <outbounds name="out_gj_sjpbxx_iu" identity="_fss91f_i1hdv1uc__p74_121594" labelName="out_gj_sjpbxx_iu" dataObject="//@inbound/@interfaces.0/@dataObject" importModel="">
        <outboundInterface name="siout_gj_sjpbxx_iu" identity="_fss91f_i1hdv1uc__p72_121594" labelName="siout_gj_sjpbxx_iu" dataObject="//@inbound/@interfaces.0/@dataObject"/>
        <syncItems importItemModel="" name="gj_sjpbxx"/>
        <adapterObject name="AOOut_gj_sjpbxx_iu" identity="_fss91f_i1hdv1uc__p73_121594" labelName="AOOut_gj_sjpbxx_iu" operationsNameList="gj_sjpbxx"/>
      </outbounds>
      <dataObject name="do_z_gj_sjpbxx_iu" rootSrc="/RootProject/src" packageName="zhjt_ygsjzx_gj.adapters.db_gj_sjpbxx.dataobjects.do_z_gj_sjpbxx_iu" labelName="do_z_gj_sjpbxx_iu" exportDOModel="" schemaID="_fss91f_i1hdv1uc__p75_121594"/>
    </interfaces>
    <interfaces name="z_gj_sjpbxx_d" identity="_fss91f_i1hdv1uc__p71_121594" packageName="zhjt_ygsjzx_gj.adapters.db_gj_sjpbxx.sid.z_gj_sjpbxx_d" labelName="z_gj_sjpbxx_d" exportItemModel="" reuseDOParse="">
      <outbounds name="out_gj_sjpbxx_d" identity="_fss91f_i1hdv1uc__p6z_121594" labelName="out_gj_sjpbxx_d" dataObject="//@inbound/@interfaces.1/@dataObject" importModel="">
        <outboundInterface name="siout_gj_sjpbxx_d" identity="_fss91f_i1hdv1uc__p6x_121594" labelName="siout_gj_sjpbxx_d" dataObject="//@inbound/@interfaces.1/@dataObject"/>
        <syncItems importItemModel="" name="gj_sjpbxx"/>
        <adapterObject name="AOOut_gj_sjpbxx_d" identity="_fss91f_i1hdv1uc__p6y_121594" labelName="AOOut_gj_sjpbxx_d" operationsNameList="gj_sjpbxx"/>
      </outbounds>
      <dataObject name="do_z_gj_sjpbxx_d" rootSrc="/RootProject/src" packageName="zhjt_ygsjzx_gj.adapters.db_gj_sjpbxx.dataobjects.do_z_gj_sjpbxx_d" labelName="do_z_gj_sjpbxx_d" exportDOModel="" schemaID="_fss91f_i1hdv1uc__p70_121594"/>
    </interfaces>
  </inbound>
  <composites name="comSjpbxx" identity="_fss91f_i1hdv1uc__p7a_121594" rootSrc="/RootProject/src" packageName="zhjt_ygsjzx_gj.connection.comsjpbxx" labelName="comSjpbxx" projectName="Zhjt_YGSJZX_GJ" projectId="_fss91f_i1hdv1uc__pa0_121594">
    <jmsConfig type="2" receiveName="oracleReceQueue" sendName="oracleSendQueue"/>
    <javaService name="jsvcSjpbxx" identity="_fss91f_i1hdv1uc__p7b_121594" rootSrc="/RootProject/src" packageName="zhjt_ygsjzx_gj.servicejava.jsvcsjpbxx" labelName="jsvcSjpbxx"/>
  </composites>
</configmodel:DatabaseAdapter>
