<?xml version="1.0" encoding="UTF-8"?>
<configmodel:DatabaseAdapter xmi:version="2.0" xmlns:xmi="http://www.omg.org/XMI" xmlns:configmodel="http:///configmodel.ecore">
  <inbound name="Xlgjxx" identity="_fss91f_i1hdv1uc__p6r_121594" labelName="Xlgjxx" exportModel="">
    <interfaces name="z_gj_xlgjxx_iu" identity="_fss91f_i1hdv1uc__p6l_121594" packageName="zhjt_ygsjzx_gj.adapters.db_gj_xlgjxx.sid.z_gj_xlgjxx_iu" labelName="z_gj_xlgjxx_iu" exportItemModel="" reuseDOParse="">
      <outbounds name="out_gj_xlgjxx_iu" identity="_fss91f_i1hdv1uc__p6j_121594" labelName="out_gj_xlgjxx_iu" dataObject="//@inbound/@interfaces.0/@dataObject" importModel="">
        <outboundInterface name="siout_gj_xlgjxx_iu" identity="_fss91f_i1hdv1uc__p6h_121594" labelName="siout_gj_xlgjxx_iu" dataObject="//@inbound/@interfaces.0/@dataObject"/>
        <syncItems importItemModel="" name="gj_xlgjxx"/>
        <adapterObject name="AOOut_gj_xlgjxx_iu" identity="_fss91f_i1hdv1uc__p6i_121594" labelName="AOOut_gj_xlgjxx_iu" operationsNameList="gj_xlgjxx"/>
      </outbounds>
      <dataObject name="do_z_gj_xlgjxx_iu" rootSrc="/RootProject/src" packageName="zhjt_ygsjzx_gj.adapters.db_gj_xlgjxx.dataobjects.do_z_gj_xlgjxx_iu" labelName="do_z_gj_xlgjxx_iu" exportDOModel="" schemaID="_fss91f_i1hdv1uc__p6k_121594"/>
    </interfaces>
    <interfaces name="z_gj_xlgjxx_d" identity="_fss91f_i1hdv1uc__p6g_121594" packageName="zhjt_ygsjzx_gj.adapters.db_gj_xlgjxx.sid.z_gj_xlgjxx_d" labelName="z_gj_xlgjxx_d" exportItemModel="" reuseDOParse="">
      <outbounds name="out_gj_xlgjxx_d" identity="_fss91f_i1hdv1uc__p6e_121594" labelName="out_gj_xlgjxx_d" dataObject="//@inbound/@interfaces.1/@dataObject" importModel="">
        <outboundInterface name="siout_gj_xlgjxx_d" identity="_fss91f_i1hdv1uc__p6c_121594" labelName="siout_gj_xlgjxx_d" dataObject="//@inbound/@interfaces.1/@dataObject"/>
        <syncItems importItemModel="" name="gj_xlgjxx"/>
        <adapterObject name="AOOut_gj_xlgjxx_d" identity="_fss91f_i1hdv1uc__p6d_121594" labelName="AOOut_gj_xlgjxx_d" operationsNameList="gj_xlgjxx"/>
      </outbounds>
      <dataObject name="do_z_gj_xlgjxx_d" rootSrc="/RootProject/src" packageName="zhjt_ygsjzx_gj.adapters.db_gj_xlgjxx.dataobjects.do_z_gj_xlgjxx_d" labelName="do_z_gj_xlgjxx_d" exportDOModel="" schemaID="_fss91f_i1hdv1uc__p6f_121594"/>
    </interfaces>
  </inbound>
  <composites name="comXlgjxx" identity="_fss91f_i1hdv1uc__p6p_121594" rootSrc="/RootProject/src" packageName="zhjt_ygsjzx_gj.connection.comxlgjxx" labelName="comXlgjxx" projectName="Zhjt_YGSJZX_GJ" projectId="_fss91f_i1hdv1uc__pa0_121594">
    <jmsConfig type="2" receiveName="oracleReceQueue" sendName="oracleSendQueue"/>
    <javaService name="jsvcXlgjxx" identity="_fss91f_i1hdv1uc__p6q_121594" rootSrc="/RootProject/src" packageName="zhjt_ygsjzx_gj.servicejava.jsvcxlgjxx" labelName="jsvcXlgjxx"/>
  </composites>
</configmodel:DatabaseAdapter>
