<?xml version="1.0" encoding="UTF-8"?>

<TriggerContent>
  <CreatTrigger>true</CreatTrigger>
  <DatabaseType>oracle</DatabaseType>
  <ServiceName>Xlgjxx</ServiceName>
  <ServiceNameID>-38f154c3:1492c07bc14:-7f80:EastMacWin/192.168.1.112</ServiceNameID>
  <TriggerAtt>
    <TypeName>z_gj_xlgjxx_iu_do_z_gj_xlgjxx_iu</TypeName>
    <TableName>EDW_YZ_JX.SYN_Z_GJ_XLGJXX</TableName>
    <ActionType>insert</ActionType>
    <ExportName>z_gj_xlgjxx_iu</ExportName>
    <IsCycle>false</IsCycle>
    <MonitorColAL/>
    <MatchingColAL>
      <MatchingCol>XLBH</MatchingCol>
      <MatchingCol>NUMBER</MatchingCol>
      <MatchingCol>FX</MatchingCol>
      <MatchingCol>NUMBER</MatchingCol>
      <MatchingCol>GJXH</MatchingCol>
      <MatchingCol>NUMBER</MatchingCol>
    </MatchingColAL>
  </TriggerAtt>
  <TriggerAtt>
    <TypeName>z_gj_xlgjxx_iu_do_z_gj_xlgjxx_iu</TypeName>
    <TableName>EDW_YZ_JX.SYN_Z_GJ_XLGJXX</TableName>
    <ActionType>update</ActionType>
    <ExportName>z_gj_xlgjxx_iu</ExportName>
    <IsCycle>false</IsCycle>
    <MonitorColAL/>
    <MatchingColAL>
      <MatchingCol>XLBH</MatchingCol>
      <MatchingCol>NUMBER</MatchingCol>
      <MatchingCol>FX</MatchingCol>
      <MatchingCol>NUMBER</MatchingCol>
      <MatchingCol>GJXH</MatchingCol>
      <MatchingCol>NUMBER</MatchingCol>
    </MatchingColAL>
  </TriggerAtt>
  <TriggerAtt>
    <TypeName>z_gj_xlgjxx_d_do_z_gj_xlgjxx_d</TypeName>
    <TableName>EDW_YZ_JX.SYN_Z_GJ_XLGJXX</TableName>
    <ActionType>delete</ActionType>
    <ExportName>z_gj_xlgjxx_d</ExportName>
    <IsCycle>false</IsCycle>
    <MonitorColAL/>
    <MatchingColAL>
      <MatchingCol>XLBH</MatchingCol>
      <MatchingCol>NUMBER</MatchingCol>
      <MatchingCol>FX</MatchingCol>
      <MatchingCol>NUMBER</MatchingCol>
      <MatchingCol>GJXH</MatchingCol>
      <MatchingCol>NUMBER</MatchingCol>
    </MatchingColAL>
  </TriggerAtt>
</TriggerContent>
