<?xml version="1.0" encoding="UTF-8"?>
<configmodel:DatabaseAdapter xmi:version="2.0" xmlns:xmi="http://www.omg.org/XMI" xmlns:configmodel="http:///configmodel.ecore">
  <inbound name="yh_Jyyhxx" identity="_2c8rc5_i1ioh60u__p9w_121594" labelName="yh_Jyyhxx" exportModel="">
    <interfaces name="z_yh_jyyhxx_iu" identity="_2c8rc5_i1ioh60u__p9q_121594" packageName="zhjt_ygsjzx_jyyh.adapters.db_yh_jyyhxx.sid.z_yh_jyyhxx_iu" labelName="z_yh_jyyhxx_iu" exportItemModel="" reuseDOParse="">
      <outbounds name="out_yh_jyyhxx_iu" identity="_2c8rc5_i1ioh60u__p9o_121594" labelName="out_yh_jyyhxx_iu" dataObject="//@inbound/@interfaces.0/@dataObject" importModel="">
        <outboundInterface name="siout_yh_jyyhxx_iu" identity="_2c8rc5_i1ioh60u__p9m_121594" labelName="siout_yh_jyyhxx_iu" dataObject="//@inbound/@interfaces.0/@dataObject"/>
        <syncItems importItemModel="" name="yh_jyyhxx"/>
        <adapterObject name="AOOut_yh_jyyhxx_iu" identity="_2c8rc5_i1ioh60u__p9n_121594" labelName="AOOut_yh_jyyhxx_iu" operationsNameList="yh_jyyhxx"/>
      </outbounds>
      <dataObject name="do_z_yh_jyyhxx_iu" rootSrc="/RootProject/src" packageName="zhjt_ygsjzx_jyyh.adapters.db_yh_jyyhxx.dataobjects.do_z_yh_jyyhxx_iu" labelName="do_z_yh_jyyhxx_iu" exportDOModel="" schemaID="_2c8rc5_i1ioh60u__p9p_121594"/>
    </interfaces>
    <interfaces name="z_yh_jyyhxx_d" identity="_2c8rc5_i1ioh60u__p9l_121594" packageName="zhjt_ygsjzx_jyyh.adapters.db_yh_jyyhxx.sid.z_yh_jyyhxx_d" labelName="z_yh_jyyhxx_d" exportItemModel="" reuseDOParse="">
      <outbounds name="out_yh_jyyhxx" identity="_2c8rc5_i1ioh60u__p9j_121594" labelName="out_yh_jyyhxx" dataObject="//@inbound/@interfaces.1/@dataObject" importModel="">
        <outboundInterface name="siout_yh_jyyhxx" identity="_2c8rc5_i1ioh60u__p9h_121594" labelName="siout_yh_jyyhxx" dataObject="//@inbound/@interfaces.1/@dataObject"/>
        <syncItems importItemModel="" name="yh_jyyhxx"/>
        <adapterObject name="AOOut_yh_jyyhxx" identity="_2c8rc5_i1ioh60u__p9i_121594" labelName="AOOut_yh_jyyhxx" operationsNameList="yh_jyyhxx"/>
      </outbounds>
      <dataObject name="do_z_yh_jyyhxx_d" rootSrc="/RootProject/src" packageName="zhjt_ygsjzx_jyyh.adapters.db_yh_jyyhxx.dataobjects.do_z_yh_jyyhxx_d" labelName="do_z_yh_jyyhxx_d" exportDOModel="" schemaID="_2c8rc5_i1ioh60u__p9k_121594"/>
    </interfaces>
  </inbound>
  <composites name="com_yh_Jyyhxx" identity="_2c8rc5_i1ioh60u__p9u_121594" rootSrc="/RootProject/src" packageName="zhjt_ygsjzx_jyyh.connection.com_yh_jyyhxx" labelName="com_yh_Jyyhxx" projectName="Zhjt_YGSJZX_JYYH" projectId="f7rdft_i1hjdvto__p9o_121594">
    <jmsConfig type="2" receiveName="oracleReceQueue" sendName="oracleSendQueue"/>
    <javaService name="jsvc_yh_Jyyhxx" identity="_2c8rc5_i1ioh60u__p9v_121594" rootSrc="/RootProject/src" packageName="zhjt_ygsjzx_jyyh.servicejava.jsvc_yh_jyyhxx" labelName="jsvc_yh_Jyyhxx"/>
  </composites>
</configmodel:DatabaseAdapter>
