<?xml version="1.0" encoding="UTF-8"?>

<TriggerContent>
  <CreatTrigger>true</CreatTrigger>
  <DatabaseType>oracle</DatabaseType>
  <ServiceName>yh_Jyyhxx</ServiceName>
  <ServiceNameID>-86f1065:14930b268be:-7ff1:EastMacWin/192.168.1.112</ServiceNameID>
  <TriggerAtt>
    <TypeName>z_yh_jyyhxx_iu_do_z_yh_jyyhxx_iu</TypeName>
    <TableName>EDW_YZ_JX.SYN_Z_YH_JYYHXX</TableName>
    <ActionType>insert</ActionType>
    <ExportName>z_yh_jyyhxx_iu</ExportName>
    <IsCycle>false</IsCycle>
    <MonitorColAL/>
    <MatchingColAL>
      <MatchingCol>YHID</MatchingCol>
      <MatchingCol>VARCHAR2</MatchingCol>
    </MatchingColAL>
  </TriggerAtt>
  <TriggerAtt>
    <TypeName>z_yh_jyyhxx_iu_do_z_yh_jyyhxx_iu</TypeName>
    <TableName>EDW_YZ_JX.SYN_Z_YH_JYYHXX</TableName>
    <ActionType>update</ActionType>
    <ExportName>z_yh_jyyhxx_iu</ExportName>
    <IsCycle>false</IsCycle>
    <MonitorColAL/>
    <MatchingColAL>
      <MatchingCol>YHID</MatchingCol>
      <MatchingCol>VARCHAR2</MatchingCol>
    </MatchingColAL>
  </TriggerAtt>
  <TriggerAtt>
    <TypeName>z_yh_jyyhxx_d_do_z_yh_jyyhxx_d</TypeName>
    <TableName>EDW_YZ_JX.SYN_Z_YH_JYYHXX</TableName>
    <ActionType>delete</ActionType>
    <ExportName>z_yh_jyyhxx_d</ExportName>
    <IsCycle>false</IsCycle>
    <MonitorColAL/>
    <MatchingColAL>
      <MatchingCol>YHID</MatchingCol>
      <MatchingCol>VARCHAR2</MatchingCol>
    </MatchingColAL>
  </TriggerAtt>
</TriggerContent>
