<?xml version="1.0" encoding="UTF-8"?>
<ExcelOutboundAdapter>
  <ASClassName>xls_gllc_lmdj</ASClassName>
  <ASPackageName>hyfx_gllc.adapters.excel_gllc.outbound.xls_gllc_lmdj</ASPackageName>
  <ASId>_rb6lev_i1a1wc4t__p79_119004</ASId>
  <AOClassName>AOxls_gllc_lmdj</AOClassName>
  <AOPackageName>hyfx_gllc.adapters.excel_gllc.outbound.aoxls_gllc_lmdj</AOPackageName>
  <AOId>_rb6lev_i1a1wc4t__p78_119004</AOId>
  <FileName>C:\Users\EastLanCore\Desktop\gllc\2011-2010公路里程 路面等级.xls</FileName>
  <SheetName>Sheet1</SheetName>
  <SheetHeaderLocal>1</SheetHeaderLocal>
  <SheetRecordStyle>row</SheetRecordStyle>
  <DataObject name="exceldo_gllc_lmdj" objectId="_rb6lev_i1a1wc4t__p76_119004" schemaId="_rb6lev_i1a1wc4t__p77_119004">
    <Properties index="0" name="YEAR" selected="true" validity="true"/>
    <Properties index="1" name="XZQH" selected="true" validity="true" type="decimal"/>
    <Properties index="2" name="ZXDJ" selected="true" validity="true" type="decimal"/>
    <Properties index="3" name="GLLC" selected="true" validity="true" type="decimal"/>
    <Properties name="rowNumber" selected="true" validity="true" hide="true"/>
  </DataObject>
</ExcelOutboundAdapter>