<?xml version="1.0" encoding="GBK"?>

<ejb-jar xmlns="http://java.sun.com/xml/ns/j2ee" xmlns:xsi="http://www.w3.org/2001/XMLSchema-instance" xsi:schemaLocation="http://java.sun.com/xml/ns/j2ee http://java.sun.com/xml/ns/j2ee/ejb-jar_2_1.xsd" version="2.1">
  <description>![CDATA[No Description.]]</description>
  <display-name>Generated by TongIntegrator</display-name>
  <enterprise-beans>
    <message-driven>
      <description>&lt;![CDATA[Description for InboundAdapter]]&gt;</description>
      <display-name>Name for InboundAdapter</display-name>
      <ejb-name>DBInboundAdapter</ejb-name>
      <ejb-class>zhjt_ygsjzx_gj.adapters.db_gj_jhpbxx.inbound.jhpbxx.Jhpbxx</ejb-class>
      <messaging-type>com.tongtech.ti.adapter.database.DatabaseListener</messaging-type>
      <transaction-type>Container</transaction-type>
      <activation-config>
      	<activation-config-property>
          <activation-config-property-name>parameterApplyMode</activation-config-property-name>
          <activation-config-property-value></activation-config-property-value>
        </activation-config-property>
        <activation-config-property>
          <activation-config-property-name>DatasourcesJndiName</activation-config-property-name>
          <activation-config-property-value></activation-config-property-value>
        </activation-config-property>
        <activation-config-property>
          <activation-config-property-name>DBType</activation-config-property-name>
          <activation-config-property-value>oracle</activation-config-property-value>
        </activation-config-property>
        <activation-config-property>
          <activation-config-property-name>PollingTime</activation-config-property-name>
          <activation-config-property-value>1000</activation-config-property-value>
        </activation-config-property>
        <activation-config-property>
          <activation-config-property-name>DeadlockString</activation-config-property-name>
          <activation-config-property-value>deadlock</activation-config-property-value>
        </activation-config-property>
        <activation-config-property>
          <activation-config-property-name>MaxDeadlockRetry</activation-config-property-name>
          <activation-config-property-value>3</activation-config-property-value>
        </activation-config-property>
        <activation-config-property>
          <activation-config-property-name>DeadlockRetryDelay</activation-config-property-name>
          <activation-config-property-value>1000</activation-config-property-value>
        </activation-config-property>
        <activation-config-property>
          <activation-config-property-name>ext_DeadlockString</activation-config-property-name>
          <activation-config-property-value>deadlock</activation-config-property-value>
        </activation-config-property>
        <activation-config-property>
          <activation-config-property-name>ext_MaxDeadlockRetry</activation-config-property-name>
          <activation-config-property-value>3</activation-config-property-value>
        </activation-config-property>
        <activation-config-property>
          <activation-config-property-name>ext_DeadlockRetryDelay</activation-config-property-name>
          <activation-config-property-value>1000</activation-config-property-value>
        </activation-config-property>
        <activation-config-property>
          <activation-config-property-name>BatchSize</activation-config-property-name>
          <activation-config-property-value>1000</activation-config-property-value>
        </activation-config-property>
        <activation-config-property>
          <activation-config-property-name>BatchCount</activation-config-property-name>
          <activation-config-property-value>2</activation-config-property-value>
        </activation-config-property>
        <activation-config-property>
          <activation-config-property-name>conn_retries</activation-config-property-name>
          <activation-config-property-value>3</activation-config-property-value>
        </activation-config-property>
        <activation-config-property>
          <activation-config-property-name>conn_retry_time</activation-config-property-name>
          <activation-config-property-value>5</activation-config-property-value>
        </activation-config-property>
        <activation-config-property>
          <activation-config-property-name>ext_conn_retries</activation-config-property-name>
          <activation-config-property-value>3</activation-config-property-value>
        </activation-config-property>
        <activation-config-property>
          <activation-config-property-name>ext_conn_retry_time</activation-config-property-name>
          <activation-config-property-value>5</activation-config-property-value>
        </activation-config-property>
        <activation-config-property>
          <activation-config-property-name>MsgServiceName</activation-config-property-name>
          <activation-config-property-value>Jhpbxx</activation-config-property-value>
        </activation-config-property>
        <activation-config-property>
          <activation-config-property-name>DeleteSent</activation-config-property-name>
          <activation-config-property-value>true</activation-config-property-value>
        </activation-config-property>
        <activation-config-property>
          <activation-config-property-name>eventDataFromBakTable</activation-config-property-name>
          <activation-config-property-value>False</activation-config-property-value>
        </activation-config-property>
        <activation-config-property>
          <activation-config-property-name>backEventData</activation-config-property-name>
          <activation-config-property-value>False</activation-config-property-value>
        </activation-config-property>
        <activation-config-property>
          <activation-config-property-name>behindOfTime</activation-config-property-name>
          <activation-config-property-value></activation-config-property-value>
        </activation-config-property>        
        <activation-config-property>
          <activation-config-property-name>ServiceID</activation-config-property-name>
          <activation-config-property-value></activation-config-property-value>
        </activation-config-property>
        <activation-config-property>
          <activation-config-property-name>Type</activation-config-property-name>
          <activation-config-property-value>z_gj_jhpbxx_iu_do_z_gj_jhpbxx_iu/z_gj_jhpbxx_d_do_z_gj_jhpbxx_d</activation-config-property-value>
        </activation-config-property>
        <activation-config-property>
          <activation-config-property-name>EventSQL</activation-config-property-name>
          <activation-config-property-value>select EDW_YZ_JX.SYN_Z_GJ_JHPBXX.BH AS BH, EDW_YZ_JX.SYN_Z_GJ_JHPBXX.CPH AS CPH, EDW_YZ_JX.SYN_Z_GJ_JHPBXX.CPYS AS CPYS, EDW_YZ_JX.SYN_Z_GJ_JHPBXX.XLBH AS XLBH, EDW_YZ_JX.SYN_Z_GJ_JHPBXX.FX AS FX, EDW_YZ_JX.SYN_Z_GJ_JHPBXX.LSPB AS LSPB, EDW_YZ_JX.SYN_Z_GJ_JHPBXX.RQ AS RQ, EDW_YZ_JX.SYN_Z_GJ_JHPBXX.FCSJ AS FCSJ, EDW_YZ_JX.SYN_Z_GJ_JHPBXX.DZSJ AS DZSJ, EDW_YZ_JX.SYN_Z_GJ_JHPBXX.PBLX AS PBLX from EDW_YZ_JX.SYN_Z_GJ_JHPBXX where EDW_YZ_JX.SYN_Z_GJ_JHPBXX.BH = |MsgParam1|/select MsgParam1 AS BH from TongTIM_Msg where MsgId = |MsgId|</activation-config-property-value>
        </activation-config-property>
      </activation-config>
    </message-driven>
  </enterprise-beans>
</ejb-jar>
