<?xml version="1.0" encoding="UTF-8"?>

<item_content>
  <source class_name="Jsvc_z_hd_hangdaoql"/>
  <realizeofmanner manner="realization"/>
  <operations>
    <operation id_name="" label_name="OnFileName" return_type="int">
      <parameter id_name="do_ra_file_nameinbound" name="filenameinbounddo" type="DATAOBJECT" category="input"/>
      <parameter id_name="_1hhw6i_i061hio7__p9y_97087" name="aozhjtdata_z_hd_hangdaoql" type="ADAPTEROBJECT" category="ao"/>
      <parameter id_name="_1hhw6i_i061hio7__pa4_97087" name="aoxls_z_hd_hangdaoql" type="ADAPTEROBJECT" category="ao"/>
      <parameter id_name="ao_ra_file_adapterobject" name="fileadapterobject" type="ADAPTEROBJECT" category="ao"/>
    </operation>
  </operations>
</item_content>
