<?xml version="1.0" encoding="UTF-8"?>
<DeploymentDocumentRoot xmlns="http://www.tongtech.com/ti/deployment">
  <deployment cmapId="_e0j9ew_hzwf0x49__pa1_51244" environmentId="ef2b2u_hzowxi39__pa5_51244" projectName="Zhjt" environmentName="env_ZhjtData" projectID="v0mh43_hzm1imyu__pa5_64563" name="dpl_z_hd_hangdaozb" id="_e0j9ew_hzwf0x49__p9x_51244">
    <logicHost id="ef2b2u_hzowxi39__pa2_51244" name="lh_jxgh" ip="172.20.0.8" hostport="7777">
      <appServer id="ef2b2u_hzowxi39__pa1_51244" name="esb" appType="TongWeb" jnpPort="2089">
        <deployItem id="Container1" type="deployitem"/>
        <deployItem id="Container0" type="deployitem"/>
      </appServer>
    </logicHost>
    <externalSystem id="ef2b2u_hzowxi39__pa3_51244" name="jxgh_excel" type="file">
      <deployItem id="_e0j9ew_hzwf0x49__pa0_51244" type="File"/>
    </externalSystem>
    <externalSystem id="ef2b2u_hzowxi39__pa4_51244" name="ZhjtData" type="database">
      <deployItem id="_e0j9ew_hzwf0x49__p9z_51244" type="DataBase"/>
      <parameters Key="DBType" Value="0" Label="数据库类型"/>
      <parameters Key="ext_MaxDeadlockRetry" Value="3" Label="出现异常后重试最大次数"/>
      <parameters Key="ext_conn_retries" Value="3" Label="获得数据库连接失败后,重试连接次数"/>
      <parameters Key="password" Value="Zhjt1234" Label="数据库密码"/>
      <parameters Key="connection-url" Value="jdbc:oracle:thin:@127.0.0.1:1521:orcl" Label="数据库连接URL"/>
      <parameters Key="ext_conn_retry_time" Value="5" Label="获得数据库连接失败后,重试连接时间间隔"/>
      <parameters Key="ext_DeadlockString" Value="deadlock||ORA-02291||ORA-02292" Label="可以进行重试的异常字符串"/>
      <parameters Key="ext_DeadlockRetryDelay" Value="1000" Label="出现异常后重试间隔时长(毫秒)"/>
      <parameters Key="user-name" Value="ZhjtAdmin" Label="数据库用户名"/>
      <parameters Key="ext_isRollbackOnException" Value="1" Label="出现异常时入站是否回滚"/>
      <parameters Key="parameterApplyMode" Value="0" Label="属性参数应用模式"/>
      <parameters Key="driver-class" Value="oracle.jdbc.driver.OracleDriver" Label="数据库驱动类"/>
      <parameters Key="check-valid-connection-sql" Value="select * from dual" Label="验证数据库连接SQL语句"/>
      <parameters Key="ext_stopProcessOnExceptionString" Value="" Label="出现异常时是否停止流程的匹配字符串"/>
    </externalSystem>
    <webServicesInbound resourceId="" repositoryId=""/>
  </deployment>
</DeploymentDocumentRoot>
