<?xml version="1.0" encoding="UTF-8"?>
<com.tongtech.ti.tisd.project.cmap.core:DocumentRoot xmlns:com.tongtech.ti.tisd.project.cmap.core="http://www.tongtech.com/TI30Graph">
  <cmap id="_rb6lev_i1a1wc4t__p6m_119004" project="Hyfx_gllc" projectId="_rb6lev_i1a1wc4t__p7j_119004" name="com_DEMO_GLLC_XZDJ">
    <serviceContainer name="Container0" x="525" y="144">
      <javaService name="_rb6lev_i1a1wc4t__p6s_119004" label="jsvc_DEMO_GLLC_XZDJ">
        <parameters/>
        <adapterObjectBox>
          <adapterObject label="AOHyfxxt_DEMO_GLLC_XZDJ" name="_rb6lev_i1a1wc4t__p71_119004" varname="aohyfxxt_demo_gllc_xzdj" opname="OnFileName" type="JDBC">
            <linked link="_rb6lev_i1a1wc4t__p6l_119004" type="exter"/>
            <operationTypes name="DEMO_GLLC_XZDJ"/>
          </adapterObject>
          <parameters>
            <parameter name="conn_retries" value="3" label="获得数据库连接失败后,重试连接次数" description="获得数据库连接失败后,重试连接次数"/>
            <parameter name="conn_retry_time" value="5" label="获得数据库连接失败后,重试连接时间间隔" description="获得数据库连接失败后,重试连接时间间隔（秒）" unit="S"/>
            <parameter name="DeadlockString" value="deadlock||Foreign key" label="可以进行重试的异常字符串" description="遇到SQL异常后，根据这里给定的字符串确定是否是用户定义的可以进行重试的异常，定义多个异常字符串时中间用“||”分割"/>
            <parameter name="MaxDeadlockRetry" value="3" label="出现异常后重试最大次数" description="当出现可重试现异常后，允许重试的最大次数"/>
            <parameter name="DeadlockRetryDelay" value="1000" label="出现异常后重试间隔时长" description="发生异常到再次重试操作需要等待的时间，单位为毫秒" unit="MS"/>
            <parameter name="stopProcessOnExceptionString" value="" label="出现异常时是否停止流程的匹配字符串" description="出现异常时是否停止流程的匹配字符串，定义多个异常字符串时中间用“||”分割，如果为空则出现异常时不终止流程"/>
            <parameter name="isRollbackOnException" value="FALSE" label="出现异常时入站是否回滚" description="出现异常时入站是否回滚数据" valueLabel="否"/>
            <parameter name="fromCharSet" value="" label="源字符集编码" description="数据来源的数据编码"/>
            <parameter name="toCharSet" value="" label="目的字符集编码" description="目标数据库字符集编码"/>
          </parameters>
        </adapterObjectBox>
        <adapterObjectBox>
          <adapterObject label="AOxls_gllc_xzdj" name="_rb6lev_i1a1wc4t__p7g_119004" varname="aoxls_gllc_xzdj" opname="OnFileName" type="adapter_object">
            <operationTypes name="query"/>
          </adapterObject>
          <parameters>
            <parameter name="BatchSize" value="0" required="true" label="每次取出记录大小" description="数据库处理中按照内容大小批处理的属性，单位为Kb"/>
            <parameter name="BatchCount" value="10" required="true" label="每次取出记录条数" description="每次取出记录条数"/>
            <parameter name="FileName" value="C:\Users\EastLanCore\Desktop\gllc\2011-2010公路里程 行政等级.xls" required="true" label="全文件名" description="Excel文件的全文件名"/>
            <parameter name="SheetName" value="Sheet1" label="工作表名" description="Excel文件的工作表名，不填默认取第一个工作表"/>
            <parameter name="Head" value="1" required="true" label="Excel表标题行位置" description="Excel表读标题行位置，没有标题行则为-1"/>
            <parameter name="First" value="2" required="true" label="Excel表读取数据开始位置" description="Excel表读取数据开始位置"/>
            <parameter name="Last" value="-1" required="true" label="Excel表读取数据结束位置" description="Excel表读取数据结束位置"/>
            <parameter name="MaxBlank" value="100" required="true" label="最大空行/列" description="Excel表读取数据的空行/列达到最大值，停止读取余下数据"/>
            <parameter name="DataErrorListFileName" value="" label="数据错误清单文件名" description="数据错误清单文件名，当Excel适配器处理Excel文件某一单元格错误时，会在返回的结果中忽略该行，并记录到数据错误清单中，以供手工处理。"/>
          </parameters>
        </adapterObjectBox>
        <adapterObjectBox>
          <adapterObject label="FileAdapterObject" name="ao_ra_file_adapterobject" varname="fileadapterobject" opname="OnFileName" type="File"/>
          <parameters>
            <parameter name="Path" value="d:\gllc" required="true" label="监控路径" description="监控的文件目录"/>
            <parameter name="FileNamePrefix" value="Output" label="文件名前缀" description="文件名前缀"/>
            <parameter name="FileNameSuffix" value=".dat" label="文件名后缀" description="文件名后缀"/>
            <parameter name="FileNameMask" value="*" label="文件名匹配字符串" description="文件名匹配字符串"/>
            <parameter name="FileNameMaskType" value="WILDCARD" label="文件名匹配类型" description="列举文件目录文件时的文件名匹配类型" valueLabel="通配符"/>
            <parameter name="FileNameType" value="TIMESTAMP" label="出站文件名命名方式" description="出站文件名命名方式" valueLabel="时间戳命名"/>
            <parameter name="FileNameCustomClass" value="" label="自定义文件名生成类" description="出站文件名命名方式选择‘自定义’时，用户自定义的文件名生成类的全限定类名"/>
            <parameter name="FileNameCustomConfig" value="" label="自定义参数" description="出站文件名命名方式选择‘自定义’时，用户自定义的文件名生成类所用到的子自定义参数"/>
            <parameter name="IncreaseMax" value="9999" label="自增长命名方式序号最大值" description="自增长命名方式序号最大值"/>
            <parameter name="DateFormat" value="yyyyMMddHHmmssSSS" label="命名模式" description="时间戳命名格式" valueLabel="yyyyMMddHHmmssSSS"/>
            <parameter name="DateFormatUserDefined" value="yyyyMMddHHmmssSSS" label="时间戳命名自定义" description="时间戳命名自定义" enable="false"/>
            <parameter name="Append" value="FALSE" label="文件输出方式" description="如已存在文件，是追加还是覆盖" valueLabel="覆盖"/>
            <parameter name="Encoding" value="GBK" label="文件编码" description="文件编码"/>
            <parameterGroup name="RecordProcess" label="记录处理">
              <parameter name="RecordType" value="Fixed" label="记录类型" description="记录处理的类型" valueLabel="固定大小"/>
              <parameter name="RecordDelimiterString" value="\n" label="分隔符" description="对于分隔符记录类型, 指定分隔符字符串,可以包括可显示字符, 转义符和十六进制数" enable="false"/>
              <parameter name="DelimiterOnLast" value="TRUE" label="最后一条记录是否带分隔符" description="对于分隔符记录类型, 最后一条记录是否带分隔符" valueLabel="是" enable="false"/>
              <parameter name="RecordSize" value="1" label="记录大小" description="对于固定大小记录类型, 需指定记录的大小,单位为字节(B)" unit="B"/>
              <parameter name="CheckRecordSizeOnLast" value="FALSE" label="检查最后一条记录的大小" description="对于文件中的最后一条记录, 是否要求符合指定的记录大小,如果检查, 则当最后一条记录不足一个记录的大小时报错" valueLabel="否"/>
              <parameter name="BatchCount" value="1" label="批处理数量" description="将多个记录一次处理时,多个记录的数量限制, 单位是条"/>
              <parameter name="BatchSize" value="0" label="批处理大小" description="将多个记录一次处理时,多个记录的大小限制, 单位是千字节(KB)" unit="KB"/>
              <parameter name="SkipNumber" value="0" label="开头忽略数量" description="在文件开头忽略的数量, 如果是固定大小记录类型, 则数量的单位是字节(B), 如果是分隔符记录类型, 则数量的单位是记录"/>
            </parameterGroup>
          </parameters>
        </adapterObjectBox>
      </javaService>
    </serviceContainer>
    <externalApplication x="776" y="179" type="DataBase" name="_rb6lev_i1a1wc4t__p6l_119004" label="ExternalApp_DataBase0"/>
    <externalApplication x="106" y="190" type="File" name="_rb6lev_i1a1wc4t__p6k_119004" label="ExternalApp_File1">
      <linked link="Container1" type="inboundadapter"/>
    </externalApplication>
    <inboundAdapterContainer name="Container1" x="286" y="157">
      <inboundadapter name="ib_ra_file_inbound" label="FileInboundAdapter" type="File">
        <parameters>
          <parameter name="Path" value="d:\gllc" required="true" label="监控路径" description="监控的文件目录"/>
          <parameter name="CheckupSubdirectory" value="FALSE" label="是否监控子目录" description="是否监控子目录" valueLabel="否"/>
          <parameter name="FileNameMaskType" value="WILDCARD" label="文件名匹配符类型" description="文件名匹配符的类型，有通配符和正则表达式两种" valueLabel="通配符"/>
          <parameter name="FileNameMask" value="2011-2010公路里程行政等级.xls" label="文件名匹配符" description="文件名匹配符"/>
          <parameter name="InboundType" value="FILENAME" label="入站类型" description="入站操作的类型，可以选择文本，二进制，文件名或记录" valueLabel="文本"/>
          <parameter name="PostAction" value="RENAME_ACTION" label="后置操作" description="入站操作后如何处置文件" valueLabel="重命名"/>
          <parameter name="PostArgument" value="org" label="后置操作参数" description="后置操作的参数，对于重命名动作，参数的意义是文件扩展名；对于移动操作，参数的意义是目标路径"/>
          <parameter name="Encoding" value="GBK" label="文件编码" description="文件编码"/>
          <parameter name="MessageHandleMode" value="SEQUENTIAL" label="消息处理模式" description="消息处理模式，对于入站消息的处理采用并行还是串行" valueLabel="顺序"/>
          <parameter name="CompensateMap" value="FALSE" label="服务异常时进行补偿" description="服务异常时进行补偿" valueLabel="否"/>
          <parameter name="ScheduleMode" value="PERIOD" label="定时模式" description="定时模式,定时器适配器提供两种定时模式,固定间隔和时间表" valueLabel="固定间隔"/>
          <parameterGroup name="CheckSubdirectory" label="监控子目录" enable="false">
            <parameter name="SubdirectoryMaskType" value="WILDCARD" label="子目录名称匹配符类型" description="监控子目录名称匹配符的类型，有通配符和正则表达式两种" valueLabel="通配符" enable="false"/>
            <parameter name="SubdirectoryMask" value="" label="子目录名称匹配符" description="监控子目录名称匹配符，指的是要排除的子目录名称" enable="false"/>
          </parameterGroup>
          <parameterGroup name="RecordProcess" label="记录处理" enable="false">
            <parameter name="RecordType" value="Fixed" label="记录类型" description="记录处理的类型, 如果入站操作的类型为记录, 则按照某种记录类型处理" valueLabel="固定大小" enable="false"/>
            <parameter name="RecordDelimiterString" value="\n" label="分隔符" description="对于分隔符记录类型, 指定分隔符字符串,可以包括可显示字符, 转义符和十六进制数" enable="false"/>
            <parameter name="DelimiterOnLast" value="TRUE" label="最后一条记录是否带分隔符" description="对于分隔符记录类型, 最后一条记录是否带分隔符" valueLabel="是" enable="false"/>
            <parameter name="RecordSize" value="" label="记录大小" description="对于固定大小记录类型, 需指定记录的大小,单位为字节(B)" unit="B"/>
            <parameter name="CheckRecordSizeOnLast" value="FALSE" label="检查最后一条记录的大小" description="对于文件中的最后一条记录, 是否要求符合指定的记录大小,如果检查, 则当最后一条记录不足一个记录的大小时报错" valueLabel="否"/>
            <parameter name="BatchCount" value="1" label="批处理数量" description="将多个记录一次处理时,多个记录的数量限制, 单位是条" enable="false"/>
            <parameter name="BatchSize" value="0" label="批处理大小" description="将多个记录一次处理时,多个记录的大小限制, 单位是千字节(KB)" enable="false" unit="KB"/>
            <parameter name="SkipNumber" value="0" label="开头忽略数量" description="在文件开头忽略的数量, 如果是固定大小记录类型, 则数量的单位是字节(B), 如果是分隔符记录类型, 则数量的单位是记录" enable="false"/>
          </parameterGroup>
          <parameterGroup name="FixedSpace" label="固定间隔">
            <parameter name="PeriodUnit" value="MINUTE" label="间隔的单位" description="固定间隔的单位" valueLabel="秒"/>
            <parameter name="PeriodValue" value="10" label="间隔时间" description="固定间隔的数值"/>
            <parameter name="RunAtStart" value="TRUE" label="启动时是否立即运行" description="是否在系统启动时立即运行" valueLabel="是"/>
          </parameterGroup>
          <parameterGroup name="TimeTable" label="时间表" enable="false">
            <parameter name="TimetableTimezone" value="LOCAL" label="时区" description="所用时区" valueLabel="机器时间" enable="false"/>
            <parameter name="TimetableYear" value="*" label="年" description="年的匹配串" enable="false"/>
            <parameter name="TimetableMonth" value="*" label="月" description="月的匹配串" enable="false"/>
            <parameter name="TimetableDate" value="*" label="日" description="每月中的第几日的匹配串" enable="false"/>
            <parameter name="TimetableWeek" value="*" label="第几周" description="每年的第几周的匹配串" enable="false"/>
            <parameter name="TimetableDay" value="*" label="星期几" description="一周的星期几的匹配串，0代表星期天，1代表星期一，以此类推6代表星期六" enable="false"/>
            <parameter name="TimetableHour" value="*" label="小时" description="小时的匹配串" enable="false"/>
            <parameter name="TimetableMinute" value="*" label="分" description="分钟的匹配串" enable="false"/>
            <parameter name="TimetableSecond" value="*" label="秒" description="秒的匹配串" enable="false"/>
          </parameterGroup>
        </parameters>
        <isd id="sid_ra_file_onbinarycontents" name="sidFileListener_Binary">
          <operationTypes name="OnBinaryContents"/>
        </isd>
        <isd id="sid_ra_file_ontextcontents" name="sidFileListener_Text">
          <operationTypes name="OnTextContents"/>
        </isd>
        <isd id="sid_ra_file_onfilename" name="sidFileListener_FileName">
          <linked link="Container0" type="java_service"/>
          <operationTypes name="OnFileName"/>
        </isd>
        <isd id="sid_ra_file_onrecord" name="sidFileListener_Record">
          <operationTypes name="OnRecord"/>
        </isd>
      </inboundadapter>
    </inboundAdapterContainer>
  </cmap>
</com.tongtech.ti.tisd.project.cmap.core:DocumentRoot>
