<?xml version="1.0" encoding="UTF-8"?>
<DeploymentDocumentRoot xmlns="http://www.tongtech.com/ti/deployment">
  <deployment cmapId="_fss91f_i1hdv1uc__p7a_121594" environmentId="_fss91f_i1hdv1uc__pa5_121594" projectName="Zhjt_YGSJZX_GJ" environmentName="env_Zhjt_ygsjzx" projectID="_fss91f_i1hdv1uc__pa0_121594" name="dpl_gj_sjpbxx" id="_fss91f_i1hdv1uc__p6u_121594">
    <logicHost id="_fss91f_i1hdv1uc__pa2_121594" name="lh" ip="172.20.0.8" hostport="7777">
      <appServer id="_fss91f_i1hdv1uc__pa1_121594" name="esbMain" appType="TongWeb" jnpPort="2089">
        <deployItem id="js_db2db" type="deployitem"/>
        <deployItem id="db_inbound" type="deployitem"/>
      </appServer>
    </logicHost>
    <externalSystem id="_fss91f_i1hdv1uc__pa4_121594" name="ygsjzx" type="database">
      <deployItem id="_fss91f_i1hdv1uc__p7c_1215941" type="DataBase"/>
      <parameters Key="ext_conn_retry_time" Value="5" Label="获得数据库连接失败后,重试连接时间间隔"/>
      <parameters Key="parameterApplyMode" Value="0" Label="属性参数应用模式"/>
      <parameters Key="ext_stopProcessOnExceptionString" Value="" Label="出现异常时是否停止流程的匹配字符串"/>
      <parameters Key="ext_isRollbackOnException" Value="1" Label="出现异常时入站是否回滚"/>
      <parameters Key="ext_DeadlockRetryDelay" Value="1000" Label="出现异常后重试间隔时长(毫秒)"/>
      <parameters Key="user-name" Value="EDW_YZ_JX" Label="数据库用户名"/>
      <parameters Key="connection-url" Value="jdbc:oracle:thin:@172.20.18.55:1521/orcl" Label="数据库连接URL"/>
      <parameters Key="driver-class" Value="oracle.jdbc.driver.OracleDriver" Label="数据库驱动类"/>
      <parameters Key="check-valid-connection-sql" Value="select * from dual" Label="验证数据库连接SQL语句"/>
      <parameters Key="password" Value="EDW_YZ_JX" Label="数据库密码"/>
      <parameters Key="ext_MaxDeadlockRetry" Value="3" Label="出现异常后重试最大次数"/>
      <parameters Key="DBType" Value="0" Label="数据库类型"/>
      <parameters Key="ext_DeadlockString" Value="deadlock||ORA-02291||ORA-02292" Label="可以进行重试的异常字符串"/>
      <parameters Key="ext_conn_retries" Value="3" Label="获得数据库连接失败后,重试连接次数"/>
    </externalSystem>
    <externalSystem id="_fss91f_i1hdv1uc__pa3_121594" name="ZhjtData" type="database">
      <deployItem id="ExtAPP_DB_OUT_智慧交通综合数据库" type="DataBase"/>
      <parameters Key="ext_stopProcessOnExceptionString" Value="" Label="出现异常时是否停止流程的匹配字符串"/>
      <parameters Key="parameterApplyMode" Value="0" Label="属性参数应用模式"/>
      <parameters Key="user-name" Value="ZhjtAdmin" Label="数据库用户名"/>
      <parameters Key="driver-class" Value="oracle.jdbc.driver.OracleDriver" Label="数据库驱动类"/>
      <parameters Key="ext_MaxDeadlockRetry" Value="3" Label="出现异常后重试最大次数"/>
      <parameters Key="check-valid-connection-sql" Value="select * from dual" Label="验证数据库连接SQL语句"/>
      <parameters Key="password" Value="Zhjt1234" Label="数据库密码"/>
      <parameters Key="ext_DeadlockString" Value="deadlock||ORA-02291||ORA-02292" Label="可以进行重试的异常字符串"/>
      <parameters Key="ext_isRollbackOnException" Value="1" Label="出现异常时入站是否回滚"/>
      <parameters Key="ext_conn_retries" Value="3" Label="获得数据库连接失败后,重试连接次数"/>
      <parameters Key="DBType" Value="0" Label="数据库类型"/>
      <parameters Key="ext_conn_retry_time" Value="5" Label="获得数据库连接失败后,重试连接时间间隔"/>
      <parameters Key="connection-url" Value="jdbc:oracle:thin:@172.20.0.8:1521:orcl" Label="数据库连接URL"/>
      <parameters Key="ext_DeadlockRetryDelay" Value="1000" Label="出现异常后重试间隔时长(毫秒)"/>
    </externalSystem>
    <webServicesInbound resourceId="" repositoryId=""/>
  </deployment>
</DeploymentDocumentRoot>
