<?xml version="1.0" encoding="UTF-8"?>

<item_content>
  <source class_name="jsvcXlzxb"/>
  <realizeofmanner manner="realization"/>
  <operations>
    <operation id_name="" label_name="onZ_gj_xlzxb_iu" return_type="int">
      <parameter id_name="_fss91f_i1hdv1uc__p82_121594" name="inDo" type="DATAOBJECT" category="input"/>
      <parameter id_name="_fss91f_i1hdv1uc__p89_121594" name="aOOut_gj_xlzxb" type="ADAPTEROBJECT" category="ao"/>
    </operation>
    <operation id_name="" label_name="onZ_gj_xlzxb_d" return_type="int">
      <parameter id_name="_fss91f_i1hdv1uc__p81_121594" name="inDo" type="DATAOBJECT" category="input"/>
      <parameter id_name="_fss91f_i1hdv1uc__p84_121594" name="aOOut_gj_xlzxb_d" type="ADAPTEROBJECT" category="ao"/>
    </operation>
  </operations>
</item_content>
