<?xml version="1.0" encoding="UTF-8"?>

<item_content>
  <source class_name="jsvcXlgjxx"/>
  <realizeofmanner manner="realization"/>
  <operations>
    <operation id_name="" label_name="onZ_gj_xlgjxx_iu" return_type="int">
      <parameter id_name="_fss91f_i1hdv1uc__p6b_121594" name="inDo" type="DATAOBJECT" category="input"/>
      <parameter id_name="_fss91f_i1hdv1uc__p6i_121594" name="aOOut_gj_xlgjxx_iu" type="ADAPTEROBJECT" category="ao"/>
    </operation>
    <operation id_name="" label_name="onZ_gj_xlgjxx_d" return_type="int">
      <parameter id_name="_fss91f_i1hdv1uc__p6a_121594" name="inDo" type="DATAOBJECT" category="input"/>
      <parameter id_name="_fss91f_i1hdv1uc__p6d_121594" name="aOOut_gj_xlgjxx_d" type="ADAPTEROBJECT" category="ao"/>
    </operation>
  </operations>
</item_content>
