<?xml version="1.0" encoding="UTF-8"?>
<configmodel:DatabaseAdapter xmi:version="2.0" xmlns:xmi="http://www.omg.org/XMI" xmlns:configmodel="http:///configmodel.ecore">
  <inbound name="Jhpbxx" identity="_fss91f_i1hdv1uc__p7z_121594" labelName="Jhpbxx" exportModel="">
    <interfaces name="z_gj_jhpbxx_iu" identity="_fss91f_i1hdv1uc__p7v_121594" packageName="zhjt_ygsjzx_gj.adapters.db_gj_jhpbxx.sid.z_gj_jhpbxx_iu" labelName="z_gj_jhpbxx_iu" exportItemModel="" reuseDOParse="">
      <outbounds name="out_gj_jhpbxx_iu" identity="_fss91f_i1hdv1uc__p7q_121594" labelName="out_gj_jhpbxx_iu" dataObject="//@inbound/@interfaces.0/@dataObject" importModel="">
        <outboundInterface name="siout_gj_jhpbxx_iu" identity="_fss91f_i1hdv1uc__p7o_121594" labelName="siout_gj_jhpbxx_iu" dataObject="//@inbound/@interfaces.0/@dataObject"/>
        <syncItems importItemModel="" name="gj_jhpbxx"/>
        <adapterObject name="AOOut_gj_jhpbxx_iu" identity="_fss91f_i1hdv1uc__p7p_121594" labelName="AOOut_gj_jhpbxx_iu" operationsNameList="gj_jhpbxx"/>
      </outbounds>
      <dataObject name="do_z_gj_jhpbxx_iu" rootSrc="/RootProject/src" packageName="zhjt_ygsjzx_gj.adapters.db_gj_jhpbxx.dataobjects.do_z_gj_jhpbxx_iu" labelName="do_z_gj_jhpbxx_iu" exportDOModel="" schemaID="_fss91f_i1hdv1uc__p7u_121594"/>
    </interfaces>
    <interfaces name="z_gj_jhpbxx_d" identity="_fss91f_i1hdv1uc__p7n_121594" packageName="zhjt_ygsjzx_gj.adapters.db_gj_jhpbxx.sid.z_gj_jhpbxx_d" labelName="z_gj_jhpbxx_d" exportItemModel="" reuseDOParse="">
      <outbounds name="out_gj_jhpbxx_d" identity="_fss91f_i1hdv1uc__p7i_121594" labelName="out_gj_jhpbxx_d" dataObject="//@inbound/@interfaces.1/@dataObject" importModel="">
        <outboundInterface name="siout_gj_jhpbxx_d" identity="_fss91f_i1hdv1uc__p7g_121594" labelName="siout_gj_jhpbxx_d" dataObject="//@inbound/@interfaces.1/@dataObject"/>
        <syncItems importItemModel="" name="gj_jhpbxx"/>
        <adapterObject name="AOOut_gj_jhpbxx_d" identity="_fss91f_i1hdv1uc__p7h_121594" labelName="AOOut_gj_jhpbxx_d" operationsNameList="gj_jhpbxx"/>
      </outbounds>
      <dataObject name="do_z_gj_jhpbxx_d" rootSrc="/RootProject/src" packageName="zhjt_ygsjzx_gj.adapters.db_gj_jhpbxx.dataobjects.do_z_gj_jhpbxx_d" labelName="do_z_gj_jhpbxx_d" exportDOModel="" schemaID="_fss91f_i1hdv1uc__p7m_121594"/>
    </interfaces>
  </inbound>
  <composites name="comJhpbxx" identity="_fss91f_i1hdv1uc__p7x_121594" rootSrc="/RootProject/src" packageName="zhjt_ygsjzx_gj.connection.comjhpbxx" labelName="comJhpbxx" projectName="Zhjt_YGSJZX_GJ" projectId="_fss91f_i1hdv1uc__pa0_121594">
    <jmsConfig type="2" receiveName="oracleReceQueue" sendName="oracleSendQueue"/>
    <javaService name="jsvcJhpbxx" identity="_fss91f_i1hdv1uc__p7y_121594" rootSrc="/RootProject/src" packageName="zhjt_ygsjzx_gj.servicejava.jsvcjhpbxx" labelName="jsvcJhpbxx"/>
  </composites>
</configmodel:DatabaseAdapter>
